"Instruction","","Lat","TP","Uops","Ports"
"ADC (AL, 0)","BASE","1","0.33","1",""
"ADC (AL, I8)","BASE","1","0.33","1",""
"ADC (AX, I16)","BASE","1","0.33","1",""
"ADC (EAX, I32)","BASE","1","0.33","1",""
"ADC (M16, 0)","BASE","[1;≤11]","0.60","2",""
"ADC (M16, I16)","BASE","[1;≤11]","0.60","2",""
"ADC (M16, I8)","BASE","[1;≤11]","0.60","2",""
"ADC (M16, R16)","BASE","[1;≤11]","0.60","2",""
"ADC (M32, 0)","BASE","[≤1;≤7]","0.50","2",""
"ADC (M32, I32)","BASE","[≤1;≤7]","0.50","2",""
"ADC (M32, I8)","BASE","[≤1;≤7]","0.50","2",""
"ADC (M32, R32)","BASE","[≤1;≤7]","0.50","2",""
"ADC (M64, 0)","BASE","[≤1;≤7]","0.50","2",""
"ADC (M64, I32)","BASE","[≤1;≤7]","0.50","2",""
"ADC (M64, I8)","BASE","[≤1;≤7]","0.50","2",""
"ADC (M64, R64)","BASE","[≤1;≤7]","0.50","2",""
"ADC (M8, 0)","BASE","[1;≤11]","0.60","2",""
"ADC (M8, I8)","BASE","[1;≤11]","0.60","2",""
"ADC (M8, R8h)","BASE","[1;≤11]","0.60","2",""
"ADC (M8, R8l)","BASE","[1;≤11]","0.60","2",""
"ADC (R16, 0)","BASE","1","0.29","1",""
"ADC (R16, I16)","BASE","1","0.29","1",""
"ADC (R16, I8)","BASE","1","0.29","1",""
"ADC (R16, M16)","BASE","[1;≤6]","0.33","1",""
"ADC (R32, 0)","BASE","1","0.29","1",""
"ADC (R32, I32)","BASE","1","0.29","1",""
"ADC (R32, I8)","BASE","1","0.29","1",""
"ADC (R32, M32)","BASE","[1;≤7]","0.33","1",""
"ADC (R64, 0)","BASE","1","0.29","1",""
"ADC (R64, I32)","BASE","1","0.29","1",""
"ADC (R64, I8)","BASE","1","0.29","1",""
"ADC (R64, M64)","BASE","[1;≤7]","0.33","1",""
"ADC (R8h, 0)","BASE","1","0.50","1",""
"ADC (R8h, I8)","BASE","1","0.50","1",""
"ADC (R8h, M8)","BASE","[1;≤7]","0.50","1",""
"ADC (R8l, M8)","BASE","[1;≤6]","0.33","1",""
"ADC (RAX, I32)","BASE","1","0.33","1",""
"ADC_10 (R8h, R8h)","BASE","1","0.33","1",""
"ADC_10 (R8h, R8l)","BASE","1","0.33","1",""
"ADC_10 (R8l, R8h)","BASE","1","0.33","1",""
"ADC_10 (R8l, R8l)","BASE","1","0.31","1",""
"ADC_11 (R16, R16)","BASE","1","0.31","1",""
"ADC_11 (R32, R32)","BASE","1","0.31","1",""
"ADC_11 (R64, R64)","BASE","1","0.31","1",""
"ADC_12 (R8h, R8h)","BASE","1","0.33","1",""
"ADC_12 (R8h, R8l)","BASE","1","0.33","1",""
"ADC_12 (R8l, R8h)","BASE","1","0.33","1",""
"ADC_12 (R8l, R8l)","BASE","1","0.31","1",""
"ADC_13 (R16, R16)","BASE","1","0.31","1",""
"ADC_13 (R32, R32)","BASE","1","0.31","1",""
"ADC_13 (R64, R64)","BASE","1","0.31","1",""
"ADC_LOCK (M16, 0)","BASE","[1;≤11]","6.20","2",""
"ADC_LOCK (M16, I16)","BASE","[1;≤11]","6.20","2",""
"ADC_LOCK (M16, I8)","BASE","[1;≤11]","6.20","2",""
"ADC_LOCK (M16, R16)","BASE","[1;≤11]","6.20","2",""
"ADC_LOCK (M32, 0)","BASE","[1;≤11]","6.20","2",""
"ADC_LOCK (M32, I32)","BASE","[1;≤11]","6.20","2",""
"ADC_LOCK (M32, I8)","BASE","[1;≤11]","6.20","2",""
"ADC_LOCK (M32, R32)","BASE","[1;≤11]","6.20","2",""
"ADC_LOCK (M64, 0)","BASE","[1;≤11]","6.20","2",""
"ADC_LOCK (M64, I32)","BASE","[1;≤11]","6.20","2",""
"ADC_LOCK (M64, I8)","BASE","[1;≤11]","6.20","2",""
"ADC_LOCK (M64, R64)","BASE","[1;≤11]","6.20","2",""
"ADC_LOCK (M8, 0)","BASE","[1;≤11]","6.20","2",""
"ADC_LOCK (M8, I8)","BASE","[1;≤11]","6.20","2",""
"ADC_LOCK (M8, R8h)","BASE","[1;≤11]","6.17","2",""
"ADC_LOCK (M8, R8l)","BASE","[1;≤11]","6.20","2",""
"ADC_R0 (R8l, 0)","BASE","1","0.32","1",""
"ADC_R0 (R8l, I8)","BASE","1","0.32","1",""
"ADC_R4 (R8l, 0)","BASE","1","0.33","1",""
"ADC_R4 (R8l, I8)","BASE","1","0.33","1",""
"ADD (AL, 0)","BASE","1","0.33","1",""
"ADD (AL, I8)","BASE","1","0.33","1",""
"ADD (AX, I16)","BASE","1","0.33","1",""
"ADD (EAX, I32)","BASE","1","0.33","1",""
"ADD (M16, 0)","BASE","[5;≤11]","0.52","2",""
"ADD (M16, I16)","BASE","[5;≤11]","0.52","2",""
"ADD (M16, I8)","BASE","[5;≤11]","0.52","2",""
"ADD (M16, R16)","BASE","[1;≤11]","0.53","2",""
"ADD (M32, 0)","BASE","[≤1;≤8]","0.56","2",""
"ADD (M32, I32)","BASE","[≤1;≤8]","0.56","2",""
"ADD (M32, I8)","BASE","[≤1;≤8]","0.56","2",""
"ADD (M32, R32)","BASE","[≤1;≤8]","0.56","2",""
"ADD (M64, 0)","BASE","[≤1;≤8]","0.56","2",""
"ADD (M64, I32)","BASE","[≤1;≤8]","0.56","2",""
"ADD (M64, I8)","BASE","[≤1;≤8]","0.56","2",""
"ADD (M64, R64)","BASE","[≤1;≤8]","0.56","2",""
"ADD (M8, 0)","BASE","[5;≤11]","0.54","2",""
"ADD (M8, I8)","BASE","[5;≤11]","0.52","2",""
"ADD (M8, R8h)","BASE","[1;≤11]","0.50","2",""
"ADD (M8, R8l)","BASE","[1;≤11]","0.56","2",""
"ADD (R16, 0)","BASE","1","0.25","1",""
"ADD (R16, I16)","BASE","1","0.25","1",""
"ADD (R16, I8)","BASE","1","0.25","1",""
"ADD (R16, M16)","BASE","[1;≤6]","0.33","1",""
"ADD (R32, 0)","BASE","1","0.25","1",""
"ADD (R32, I32)","BASE","1","0.25","1",""
"ADD (R32, I8)","BASE","1","0.25","1",""
"ADD (R32, M32)","BASE","[1;≤7]","0.33","1",""
"ADD (R64, 0)","BASE","1","0.25","1",""
"ADD (R64, I32)","BASE","1","0.25","1",""
"ADD (R64, I8)","BASE","1","0.25","1",""
"ADD (R64, M64)","BASE","[1;≤7]","0.33","1",""
"ADD (R8h, 0)","BASE","1","0.25","1",""
"ADD (R8h, I8)","BASE","1","0.25","1",""
"ADD (R8h, M8)","BASE","[1;≤6]","0.33","1",""
"ADD (R8l, M8)","BASE","[1;≤6]","0.33","1",""
"ADD (RAX, I32)","BASE","1","0.33","1",""
"ADD_00 (R8h, R8h)","BASE","1","0.33","1",""
"ADD_00 (R8h, R8l)","BASE","1","0.33","1",""
"ADD_00 (R8l, R8h)","BASE","1","0.33","1",""
"ADD_00 (R8l, R8l)","BASE","1","0.25","1",""
"ADD_01 (R16, R16)","BASE","1","0.25","1",""
"ADD_01 (R32, R32)","BASE","1","0.25","1",""
"ADD_01 (R64, R64)","BASE","1","0.25","1",""
"ADD_02 (R8h, R8h)","BASE","1","0.33","1",""
"ADD_02 (R8h, R8l)","BASE","1","0.33","1",""
"ADD_02 (R8l, R8h)","BASE","1","0.33","1",""
"ADD_02 (R8l, R8l)","BASE","1","0.25","1",""
"ADD_03 (R16, R16)","BASE","1","0.25","1",""
"ADD_03 (R32, R32)","BASE","1","0.25","1",""
"ADD_03 (R64, R64)","BASE","1","0.25","1",""
"ADD_LOCK (M16, 0)","BASE","[5;≤11]","7.36","2",""
"ADD_LOCK (M16, I16)","BASE","[5;≤11]","7.40","2",""
"ADD_LOCK (M16, I8)","BASE","[5;≤11]","7.40","2",""
"ADD_LOCK (M16, R16)","BASE","[1;≤11]","7.38","2",""
"ADD_LOCK (M32, 0)","BASE","[5;≤11]","7.38","2",""
"ADD_LOCK (M32, I32)","BASE","[5;≤11]","7.38","2",""
"ADD_LOCK (M32, I8)","BASE","[5;≤11]","7.38","2",""
"ADD_LOCK (M32, R32)","BASE","[1;≤11]","7.40","2",""
"ADD_LOCK (M64, 0)","BASE","[5;≤11]","7.38","2",""
"ADD_LOCK (M64, I32)","BASE","[5;≤11]","7.38","2",""
"ADD_LOCK (M64, I8)","BASE","[5;≤11]","7.38","2",""
"ADD_LOCK (M64, R64)","BASE","[1;≤11]","7.40","2",""
"ADD_LOCK (M8, 0)","BASE","[5;≤11]","7.38","2",""
"ADD_LOCK (M8, I8)","BASE","[5;≤11]","7.38","2",""
"ADD_LOCK (M8, R8h)","BASE","[1;≤11]","7.33","2",""
"ADD_LOCK (M8, R8l)","BASE","[1;≤11]","7.40","2",""
"ADD_R0 (R8l, 0)","BASE","1","0.25","1",""
"ADD_R0 (R8l, I8)","BASE","1","0.25","1",""
"ADD_R4 (R8l, 0)","BASE","1","0.25","1",""
"ADD_R4 (R8l, I8)","BASE","1","0.25","1",""
"AND (AL, 0)","BASE","1","0.33","1",""
"AND (AL, I8)","BASE","1","0.33","1",""
"AND (AX, I16)","BASE","1","0.33","1",""
"AND (EAX, I32)","BASE","1","0.33","1",""
"AND (M16, 0)","BASE","[5;≤11]","0.52","2",""
"AND (M16, I16)","BASE","[5;≤11]","0.52","2",""
"AND (M16, I8)","BASE","[5;≤11]","0.52","2",""
"AND (M16, R16)","BASE","[1;≤11]","0.53","2",""
"AND (M32, 0)","BASE","[≤1;≤8]","0.56","2",""
"AND (M32, I32)","BASE","[≤1;≤8]","0.56","2",""
"AND (M32, I8)","BASE","[≤1;≤8]","0.56","2",""
"AND (M32, R32)","BASE","[≤1;≤8]","0.56","2",""
"AND (M64, 0)","BASE","[≤1;≤8]","0.56","2",""
"AND (M64, I32)","BASE","[≤1;≤8]","0.56","2",""
"AND (M64, I8)","BASE","[≤1;≤8]","0.56","2",""
"AND (M64, R64)","BASE","[≤1;≤8]","0.56","2",""
"AND (M8, 0)","BASE","[5;≤11]","0.53","2",""
"AND (M8, I8)","BASE","[5;≤11]","0.52","2",""
"AND (M8, R8h)","BASE","[1;≤11]","0.50","2",""
"AND (M8, R8l)","BASE","[1;≤11]","0.56","2",""
"AND (R16, 0)","BASE","1","0.25","1",""
"AND (R16, I16)","BASE","1","0.25","1",""
"AND (R16, I8)","BASE","1","0.25","1",""
"AND (R16, M16)","BASE","[1;≤6]","0.33","1",""
"AND (R32, 0)","BASE","1","0.25","1",""
"AND (R32, I32)","BASE","1","0.25","1",""
"AND (R32, I8)","BASE","1","0.25","1",""
"AND (R32, M32)","BASE","[1;≤7]","0.33","1",""
"AND (R64, 0)","BASE","1","0.25","1",""
"AND (R64, I32)","BASE","1","0.25","1",""
"AND (R64, I8)","BASE","1","0.25","1",""
"AND (R64, M64)","BASE","[1;≤7]","0.33","1",""
"AND (R8h, 0)","BASE","1","0.25","1",""
"AND (R8h, I8)","BASE","1","0.25","1",""
"AND (R8h, M8)","BASE","[1;≤6]","0.33","1",""
"AND (R8l, M8)","BASE","[1;≤6]","0.33","1",""
"AND (RAX, I32)","BASE","1","0.33","1",""
"AND_20 (R8h, R8h)","BASE","1","0.33","1",""
"AND_20 (R8h, R8l)","BASE","1","0.33","1",""
"AND_20 (R8l, R8h)","BASE","1","0.33","1",""
"AND_20 (R8l, R8l)","BASE","1","0.25","1",""
"AND_21 (R16, R16)","BASE","1","0.25","1",""
"AND_21 (R32, R32)","BASE","1","0.25","1",""
"AND_21 (R64, R64)","BASE","1","0.25","1",""
"AND_22 (R8h, R8h)","BASE","1","0.33","1",""
"AND_22 (R8h, R8l)","BASE","1","0.33","1",""
"AND_22 (R8l, R8h)","BASE","1","0.33","1",""
"AND_22 (R8l, R8l)","BASE","1","0.25","1",""
"AND_23 (R16, R16)","BASE","1","0.25","1",""
"AND_23 (R32, R32)","BASE","1","0.25","1",""
"AND_23 (R64, R64)","BASE","1","0.25","1",""
"AND_LOCK (M16, 0)","BASE","[5;≤11]","7.40","2",""
"AND_LOCK (M16, I16)","BASE","[5;≤11]","7.40","2",""
"AND_LOCK (M16, I8)","BASE","[5;≤11]","7.40","2",""
"AND_LOCK (M16, R16)","BASE","[1;≤11]","7.38","2",""
"AND_LOCK (M32, 0)","BASE","[5;≤11]","7.38","2",""
"AND_LOCK (M32, I32)","BASE","[5;≤11]","7.38","2",""
"AND_LOCK (M32, I8)","BASE","[5;≤11]","7.38","2",""
"AND_LOCK (M32, R32)","BASE","[1;≤11]","7.40","2",""
"AND_LOCK (M64, 0)","BASE","[5;≤11]","7.38","2",""
"AND_LOCK (M64, I32)","BASE","[5;≤11]","7.38","2",""
"AND_LOCK (M64, I8)","BASE","[5;≤11]","7.38","2",""
"AND_LOCK (M64, R64)","BASE","[1;≤11]","7.40","2",""
"AND_LOCK (M8, 0)","BASE","[5;≤11]","7.38","2",""
"AND_LOCK (M8, I8)","BASE","[5;≤11]","7.38","2",""
"AND_LOCK (M8, R8h)","BASE","[1;≤11]","7.33","2",""
"AND_LOCK (M8, R8l)","BASE","[1;≤11]","7.40","2",""
"AND_R0 (R8l, 0)","BASE","1","0.25","1",""
"AND_R0 (R8l, I8)","BASE","1","0.25","1",""
"AND_R4 (R8l, 0)","BASE","1","0.25","1",""
"AND_R4 (R8l, I8)","BASE","1","0.25","1",""
"BSF (R16, M16)","BASE","[1;≤6]","0.33","1",""
"BSF (R16, R16)","BASE","1","0.25","1",""
"BSF (R32, M32)","BASE","[1;≤7]","0.33","1",""
"BSF (R32, R32)","BASE","1","0.25","1",""
"BSF (R64, M64)","BASE","[1;≤7]","0.33","1",""
"BSF (R64, R64)","BASE","1","0.25","1",""
"BSR (R16, M16)","BASE","[1;≤6]","0.33","1",""
"BSR (R16, R16)","BASE","1","0.25","1",""
"BSR (R32, M32)","BASE","[1;≤7]","0.33","1",""
"BSR (R32, R32)","BASE","1","0.25","1",""
"BSR (R64, M64)","BASE","[1;≤7]","0.33","1",""
"BSR (R64, R64)","BASE","1","0.25","1",""
"BSWAP (R32)","BASE","1","0.25","1",""
"BSWAP (R64)","BASE","1","0.25","1",""
"BT (M16, 0)","BASE","[5;≤6]","0.50","2",""
"BT (M16, I8)","BASE","[5;≤6]","0.50","2",""
"BT (M16, R16)","BASE","[≤6;8]","3.00","7",""
"BT (M32, 0)","BASE","[≤1;5]","0.50","2",""
"BT (M32, I8)","BASE","[≤1;5]","0.50","2",""
"BT (M32, R32)","BASE","[6;8]","3.00","7",""
"BT (M64, 0)","BASE","[≤1;5]","0.50","2",""
"BT (M64, I8)","BASE","[≤1;5]","0.50","2",""
"BT (M64, R64)","BASE","[6;8]","3.00","7",""
"BT (R16, 0)","BASE","1","0.50","1",""
"BT (R16, I8)","BASE","1","0.50","1",""
"BT (R16, R16)","BASE","1","0.50","1",""
"BT (R32, 0)","BASE","1","0.50","1",""
"BT (R32, I8)","BASE","1","0.50","1",""
"BT (R32, R32)","BASE","1","0.50","1",""
"BT (R64, 0)","BASE","1","0.50","1",""
"BT (R64, I8)","BASE","1","0.50","1",""
"BT (R64, R64)","BASE","1","0.50","1",""
"BTC (M16, 0)","BASE","[5;12]","2.00","4",""
"BTC (M16, I8)","BASE","[5;12]","2.00","4",""
"BTC (M16, R16)","BASE","[≤6;≤47]","3.00","9",""
"BTC (M32, 0)","BASE","[5;12]","2.00","4",""
"BTC (M32, I8)","BASE","[5;12]","2.00","4",""
"BTC (M32, R32)","BASE","[6;≤47]","3.00","9",""
"BTC (M64, 0)","BASE","[5;12]","2.00","4",""
"BTC (M64, I8)","BASE","[5;12]","2.00","4",""
"BTC (M64, R64)","BASE","[6;≤47]","3.00","9",""
"BTC (R16, 0)","BASE","[1;2]","1.00","2",""
"BTC (R16, I8)","BASE","[1;2]","1.00","2",""
"BTC (R16, R16)","BASE","[1;2]","1.00","2",""
"BTC (R32, 0)","BASE","[1;2]","1.00","2",""
"BTC (R32, I8)","BASE","[1;2]","1.00","2",""
"BTC (R32, R32)","BASE","[1;2]","1.00","2",""
"BTC (R64, 0)","BASE","[1;2]","1.00","2",""
"BTC (R64, I8)","BASE","[1;2]","1.00","2",""
"BTC (R64, R64)","BASE","[1;2]","1.00","2",""
"BTC_LOCK (M16, 0)","BASE","[5;12]","7.67","4",""
"BTC_LOCK (M16, I8)","BASE","[5;12]","7.67","4",""
"BTC_LOCK (M16, R16)","BASE","[≤6;≤47]","7.73","9",""
"BTC_LOCK (M32, 0)","BASE","[5;12]","7.67","4",""
"BTC_LOCK (M32, I8)","BASE","[5;12]","7.67","4",""
"BTC_LOCK (M32, R32)","BASE","[6;≤49]","7.73","9",""
"BTC_LOCK (M64, 0)","BASE","[5;12]","7.67","4",""
"BTC_LOCK (M64, I8)","BASE","[5;12]","7.67","4",""
"BTC_LOCK (M64, R64)","BASE","[6;≤45]","7.73","9",""
"BTR (M16, 0)","BASE","[5;12]","2.00","4",""
"BTR (M16, I8)","BASE","[5;12]","2.00","4",""
"BTR (M16, R16)","BASE","[6;≤47]","3.00","9",""
"BTR (M32, 0)","BASE","[5;12]","2.00","4",""
"BTR (M32, I8)","BASE","[5;12]","2.00","4",""
"BTR (M32, R32)","BASE","[6;≤47]","3.00","9",""
"BTR (M64, 0)","BASE","[5;12]","2.00","4",""
"BTR (M64, I8)","BASE","[5;12]","2.00","4",""
"BTR (M64, R64)","BASE","[6;≤47]","3.00","9",""
"BTR (R16, 0)","BASE","[1;2]","1.00","2",""
"BTR (R16, I8)","BASE","[1;2]","1.00","2",""
"BTR (R16, R16)","BASE","[1;2]","1.00","2",""
"BTR (R32, 0)","BASE","[1;2]","1.00","2",""
"BTR (R32, I8)","BASE","[1;2]","1.00","2",""
"BTR (R32, R32)","BASE","[1;2]","1.00","2",""
"BTR (R64, 0)","BASE","[1;2]","1.00","2",""
"BTR (R64, I8)","BASE","[1;2]","1.00","2",""
"BTR (R64, R64)","BASE","[1;2]","1.00","2",""
"BTR_LOCK (M16, 0)","BASE","[5;12]","7.67","4",""
"BTR_LOCK (M16, I8)","BASE","[5;12]","7.67","4",""
"BTR_LOCK (M16, R16)","BASE","[6;≤47]","7.72","9",""
"BTR_LOCK (M32, 0)","BASE","[5;12]","7.67","4",""
"BTR_LOCK (M32, I8)","BASE","[5;12]","7.67","4",""
"BTR_LOCK (M32, R32)","BASE","[6;≤49]","7.67","9",""
"BTR_LOCK (M64, 0)","BASE","[5;12]","7.67","4",""
"BTR_LOCK (M64, I8)","BASE","[5;12]","7.67","4",""
"BTR_LOCK (M64, R64)","BASE","[6;≤49]","7.72","9",""
"BTS (M16, 0)","BASE","[5;12]","2.00","4",""
"BTS (M16, I8)","BASE","[5;12]","2.00","4",""
"BTS (M16, R16)","BASE","[6;≤47]","3.00","9",""
"BTS (M32, 0)","BASE","[5;12]","2.00","4",""
"BTS (M32, I8)","BASE","[5;12]","2.00","4",""
"BTS (M32, R32)","BASE","[6;≤46]","3.00","9",""
"BTS (M64, 0)","BASE","[5;12]","2.00","4",""
"BTS (M64, I8)","BASE","[5;12]","2.00","4",""
"BTS (M64, R64)","BASE","[6;≤47]","3.00","9",""
"BTS (R16, 0)","BASE","[1;2]","1.00","2",""
"BTS (R16, I8)","BASE","[1;2]","1.00","2",""
"BTS (R16, R16)","BASE","[1;2]","1.00","2",""
"BTS (R32, 0)","BASE","[1;2]","1.00","2",""
"BTS (R32, I8)","BASE","[1;2]","1.00","2",""
"BTS (R32, R32)","BASE","[1;2]","1.00","2",""
"BTS (R64, 0)","BASE","[1;2]","1.00","2",""
"BTS (R64, I8)","BASE","[1;2]","1.00","2",""
"BTS (R64, R64)","BASE","[1;2]","1.00","2",""
"BTS_LOCK (M16, 0)","BASE","[5;12]","7.67","4",""
"BTS_LOCK (M16, I8)","BASE","[5;12]","7.67","4",""
"BTS_LOCK (M16, R16)","BASE","[6;≤47]","7.72","9",""
"BTS_LOCK (M32, 0)","BASE","[5;12]","7.67","4",""
"BTS_LOCK (M32, I8)","BASE","[5;12]","7.67","4",""
"BTS_LOCK (M32, R32)","BASE","[6;≤46]","7.72","9",""
"BTS_LOCK (M64, 0)","BASE","[5;12]","7.67","4",""
"BTS_LOCK (M64, I8)","BASE","[5;12]","7.67","4",""
"BTS_LOCK (M64, R64)","BASE","[6;≤49]","7.72","9",""
"CALL_FAR (M32)","BASE","","","",""
"CALL_FAR (M48)","BASE","","","",""
"CALL_FAR (M80)","BASE","","","",""
"CALL_NEAR (M64)","BASE","","26.37","4",""
"CALL_NEAR (R64)","BASE","","17.22","2",""
"CALL_NEAR (Rel32)","BASE","","0.50","2",""
"CBW","BASE","1","0.33","1",""
"CDQ","BASE","1","0.50","1",""
"CLC","BASE","","0.17","1",""
"CLD","BASE","","3.00","1",""
"CLI","BASE","","7.00","7",""
"CLTS","BASE","","4.00","11",""
"CMC","BASE","1","0.50","1",""
"CMOVB (R16, M16)","BASE","[1;≤6]","0.50","2",""
"CMOVB (R16, R16)","BASE","1","0.50","1",""
"CMOVB (R32, M32)","BASE","[≤1;5]","0.50","2",""
"CMOVB (R32, R32)","BASE","1","0.50","1",""
"CMOVB (R64, M64)","BASE","[≤1;5]","0.50","2",""
"CMOVB (R64, R64)","BASE","1","0.50","1",""
"CMOVBE (R16, M16)","BASE","[1;≤6]","0.50","2",""
"CMOVBE (R16, R16)","BASE","1","0.50","1",""
"CMOVBE (R32, M32)","BASE","[≤1;5]","0.50","2",""
"CMOVBE (R32, R32)","BASE","1","0.50","1",""
"CMOVBE (R64, M64)","BASE","[≤1;5]","0.50","2",""
"CMOVBE (R64, R64)","BASE","1","0.50","1",""
"CMOVL (R16, M16)","BASE","[1;≤6]","0.50","2",""
"CMOVL (R16, R16)","BASE","1","0.50","1",""
"CMOVL (R32, M32)","BASE","[≤1;5]","0.50","2",""
"CMOVL (R32, R32)","BASE","1","0.50","1",""
"CMOVL (R64, M64)","BASE","[≤1;5]","0.50","2",""
"CMOVL (R64, R64)","BASE","1","0.50","1",""
"CMOVLE (R16, M16)","BASE","[1;≤6]","0.50","2",""
"CMOVLE (R16, R16)","BASE","1","0.50","1",""
"CMOVLE (R32, M32)","BASE","[≤1;5]","0.50","2",""
"CMOVLE (R32, R32)","BASE","1","0.50","1",""
"CMOVLE (R64, M64)","BASE","[≤1;5]","0.50","2",""
"CMOVLE (R64, R64)","BASE","1","0.50","1",""
"CMOVNB (R16, M16)","BASE","[1;≤6]","0.50","2",""
"CMOVNB (R16, R16)","BASE","1","0.50","1",""
"CMOVNB (R32, M32)","BASE","[≤1;5]","0.50","2",""
"CMOVNB (R32, R32)","BASE","1","0.50","1",""
"CMOVNB (R64, M64)","BASE","[≤1;5]","0.50","2",""
"CMOVNB (R64, R64)","BASE","1","0.50","1",""
"CMOVNBE (R16, M16)","BASE","[1;≤6]","0.50","2",""
"CMOVNBE (R16, R16)","BASE","1","0.50","1",""
"CMOVNBE (R32, M32)","BASE","[≤1;5]","0.50","2",""
"CMOVNBE (R32, R32)","BASE","1","0.50","1",""
"CMOVNBE (R64, M64)","BASE","[≤1;5]","0.50","2",""
"CMOVNBE (R64, R64)","BASE","1","0.50","1",""
"CMOVNL (R16, M16)","BASE","[1;≤6]","0.50","2",""
"CMOVNL (R16, R16)","BASE","1","0.50","1",""
"CMOVNL (R32, M32)","BASE","[≤1;5]","0.50","2",""
"CMOVNL (R32, R32)","BASE","1","0.50","1",""
"CMOVNL (R64, M64)","BASE","[≤1;5]","0.50","2",""
"CMOVNL (R64, R64)","BASE","1","0.50","1",""
"CMOVNLE (R16, M16)","BASE","[1;≤6]","0.50","2",""
"CMOVNLE (R16, R16)","BASE","1","0.50","1",""
"CMOVNLE (R32, M32)","BASE","[≤1;5]","0.50","2",""
"CMOVNLE (R32, R32)","BASE","1","0.50","1",""
"CMOVNLE (R64, M64)","BASE","[≤1;5]","0.50","2",""
"CMOVNLE (R64, R64)","BASE","1","0.50","1",""
"CMOVNO (R16, M16)","BASE","[1;≤6]","0.50","2",""
"CMOVNO (R16, R16)","BASE","1","0.50","1",""
"CMOVNO (R32, M32)","BASE","[≤1;5]","0.50","2",""
"CMOVNO (R32, R32)","BASE","1","0.50","1",""
"CMOVNO (R64, M64)","BASE","[≤1;5]","0.50","2",""
"CMOVNO (R64, R64)","BASE","1","0.50","1",""
"CMOVNP (R16, M16)","BASE","[1;≤6]","0.50","2",""
"CMOVNP (R16, R16)","BASE","1","0.50","1",""
"CMOVNP (R32, M32)","BASE","[≤1;5]","0.50","2",""
"CMOVNP (R32, R32)","BASE","1","0.50","1",""
"CMOVNP (R64, M64)","BASE","[≤1;5]","0.50","2",""
"CMOVNP (R64, R64)","BASE","1","0.50","1",""
"CMOVNS (R16, M16)","BASE","[1;≤6]","0.50","2",""
"CMOVNS (R16, R16)","BASE","1","0.50","1",""
"CMOVNS (R32, M32)","BASE","[≤1;5]","0.50","2",""
"CMOVNS (R32, R32)","BASE","1","0.50","1",""
"CMOVNS (R64, M64)","BASE","[≤1;5]","0.50","2",""
"CMOVNS (R64, R64)","BASE","1","0.50","1",""
"CMOVNZ (R16, M16)","BASE","[1;≤6]","0.50","2",""
"CMOVNZ (R16, R16)","BASE","1","0.50","1",""
"CMOVNZ (R32, M32)","BASE","[≤1;5]","0.50","2",""
"CMOVNZ (R32, R32)","BASE","1","0.50","1",""
"CMOVNZ (R64, M64)","BASE","[≤1;5]","0.50","2",""
"CMOVNZ (R64, R64)","BASE","1","0.50","1",""
"CMOVO (R16, M16)","BASE","[1;≤6]","0.50","2",""
"CMOVO (R16, R16)","BASE","1","0.50","1",""
"CMOVO (R32, M32)","BASE","[≤1;5]","0.50","2",""
"CMOVO (R32, R32)","BASE","1","0.50","1",""
"CMOVO (R64, M64)","BASE","[≤1;5]","0.50","2",""
"CMOVO (R64, R64)","BASE","1","0.50","1",""
"CMOVP (R16, M16)","BASE","[1;≤6]","0.50","2",""
"CMOVP (R16, R16)","BASE","1","0.50","1",""
"CMOVP (R32, M32)","BASE","[≤1;5]","0.50","2",""
"CMOVP (R32, R32)","BASE","1","0.50","1",""
"CMOVP (R64, M64)","BASE","[≤1;5]","0.50","2",""
"CMOVP (R64, R64)","BASE","1","0.50","1",""
"CMOVS (R16, M16)","BASE","[1;≤6]","0.50","2",""
"CMOVS (R16, R16)","BASE","1","0.50","1",""
"CMOVS (R32, M32)","BASE","[≤1;5]","0.50","2",""
"CMOVS (R32, R32)","BASE","1","0.50","1",""
"CMOVS (R64, M64)","BASE","[≤1;5]","0.50","2",""
"CMOVS (R64, R64)","BASE","1","0.50","1",""
"CMOVZ (R16, M16)","BASE","[1;≤6]","0.50","2",""
"CMOVZ (R16, R16)","BASE","1","0.50","1",""
"CMOVZ (R32, M32)","BASE","[≤1;5]","0.50","2",""
"CMOVZ (R32, R32)","BASE","1","0.50","1",""
"CMOVZ (R64, M64)","BASE","[≤1;5]","0.50","2",""
"CMOVZ (R64, R64)","BASE","1","0.50","1",""
"CMP (AL, 0)","BASE","1","0.25","1",""
"CMP (AL, I8)","BASE","1","0.25","1",""
"CMP (AX, I16)","BASE","1","0.25","1",""
"CMP (EAX, I32)","BASE","1","0.25","1",""
"CMP (M16, 0)","BASE","[5;≤6]","0.33","1",""
"CMP (M16, I16)","BASE","[5;≤6]","0.33","1",""
"CMP (M16, I8)","BASE","[5;≤6]","0.33","1",""
"CMP (M16, R16)","BASE","[1;≤6]","0.33","1",""
"CMP (M32, 0)","BASE","[5;≤7]","0.33","1",""
"CMP (M32, I32)","BASE","[5;≤7]","0.33","1",""
"CMP (M32, I8)","BASE","[5;≤7]","0.33","1",""
"CMP (M32, R32)","BASE","[1;≤7]","0.33","1",""
"CMP (M64, 0)","BASE","[5;≤7]","0.33","1",""
"CMP (M64, I32)","BASE","[5;≤7]","0.33","1",""
"CMP (M64, I8)","BASE","[5;≤7]","0.33","1",""
"CMP (M64, R64)","BASE","[1;≤7]","0.33","1",""
"CMP (M8, 0)","BASE","[5;≤6]","0.33","1",""
"CMP (M8, I8)","BASE","[5;≤6]","0.33","1",""
"CMP (M8, R8h)","BASE","[1;≤6]","0.33","1",""
"CMP (M8, R8l)","BASE","[1;≤6]","0.33","1",""
"CMP (R16, 0)","BASE","1","0.25","1",""
"CMP (R16, I16)","BASE","1","0.25","1",""
"CMP (R16, I8)","BASE","1","0.25","1",""
"CMP (R16, M16)","BASE","[1;≤6]","0.33","1",""
"CMP (R32, 0)","BASE","1","0.25","1",""
"CMP (R32, I32)","BASE","1","0.25","1",""
"CMP (R32, I8)","BASE","1","0.25","1",""
"CMP (R32, M32)","BASE","[1;≤7]","0.33","1",""
"CMP (R64, 0)","BASE","1","0.25","1",""
"CMP (R64, I32)","BASE","1","0.25","1",""
"CMP (R64, I8)","BASE","1","0.25","1",""
"CMP (R64, M64)","BASE","[1;≤7]","0.33","1",""
"CMP (R8h, 0)","BASE","1","0.25","1",""
"CMP (R8h, I8)","BASE","1","0.25","1",""
"CMP (R8h, M8)","BASE","[1;≤6]","0.33","1",""
"CMP (R8l, M8)","BASE","[1;≤6]","0.33","1",""
"CMP (RAX, I32)","BASE","1","0.25","1",""
"CMP_38 (R8h, R8h)","BASE","1","0.25","1",""
"CMP_38 (R8h, R8l)","BASE","1","0.25","1",""
"CMP_38 (R8l, R8h)","BASE","1","0.25","1",""
"CMP_38 (R8l, R8l)","BASE","1","0.25","1",""
"CMP_39 (R16, R16)","BASE","1","0.25","1",""
"CMP_39 (R32, R32)","BASE","1","0.25","1",""
"CMP_39 (R64, R64)","BASE","1","0.25","1",""
"CMP_3A (R8h, R8h)","BASE","1","0.25","1",""
"CMP_3A (R8h, R8l)","BASE","1","0.25","1",""
"CMP_3A (R8l, R8h)","BASE","1","0.25","1",""
"CMP_3A (R8l, R8l)","BASE","1","0.25","1",""
"CMP_3B (R16, R16)","BASE","1","0.25","1",""
"CMP_3B (R32, R32)","BASE","1","0.25","1",""
"CMP_3B (R64, R64)","BASE","1","0.25","1",""
"CMP_R0 (R8l, 0)","BASE","1","0.25","1",""
"CMP_R0 (R8l, I8)","BASE","1","0.25","1",""
"CMP_R4 (R8l, 0)","BASE","1","0.25","1",""
"CMP_R4 (R8l, I8)","BASE","1","0.25","1",""
"CMPSB","BASE","[3;≤6]","3.00","6",""
"CMPSB_REPE","BASE","","27.00","60",""
"CMPSB_REPNE","BASE","","19.00","3",""
"CMPSD","BASE","[3;≤7]","3.00","6",""
"CMPSD_REPE","BASE","","19.00","3",""
"CMPSD_REPNE","BASE","","19.00","3",""
"CMPSW","BASE","[3;≤6]","3.00","6",""
"CMPSW_REPE","BASE","","19.00","3",""
"CMPSW_REPNE","BASE","","19.00","3",""
"CMPXCHG (M16, R16)","BASE","[0;12]","3.00","6",""
"CMPXCHG (M32, R32)","BASE","[0;12]","3.00","6",""
"CMPXCHG (M64, R64)","BASE","[0;12]","3.00","6",""
"CMPXCHG (M8, R8h)","BASE","[0;12]","3.00","5",""
"CMPXCHG (M8, R8l)","BASE","[0;12]","3.00","5",""
"CMPXCHG (R16, R16)","BASE","[0;2]","3.00","5",""
"CMPXCHG (R32, R32)","BASE","[0;2]","3.00","5",""
"CMPXCHG (R64, R64)","BASE","[0;2]","3.00","5",""
"CMPXCHG (R8h, R8h)","BASE","[0;3]","2.00","3",""
"CMPXCHG (R8h, R8l)","BASE","[0;3]","2.00","3",""
"CMPXCHG (R8l, R8h)","BASE","[0;3]","2.00","3",""
"CMPXCHG (R8l, R8l)","BASE","[0;3]","2.00","3",""
"CMPXCHG8B (M64)","BASE","[0;≤47]","5.00","15",""
"CMPXCHG8B_LOCK (M64)","BASE","[0;≤47]","7.86","15",""
"CMPXCHG_LOCK (M16, R16)","BASE","[0;12]","7.89","6",""
"CMPXCHG_LOCK (M32, R32)","BASE","[0;12]","7.89","6",""
"CMPXCHG_LOCK (M64, R64)","BASE","[0;12]","7.92","6",""
"CMPXCHG_LOCK (M8, R8h)","BASE","[0;12]","7.92","5",""
"CMPXCHG_LOCK (M8, R8l)","BASE","[0;12]","7.89","5",""
"CPUID","BASE","","145.58","88",""
"CWD","BASE","2","1.00","2",""
"CWDE","BASE","1","0.33","1",""
"DEC (M16)","BASE","[5;≤11]","0.50","2",""
"DEC (M32)","BASE","[≤1;≤8]","0.50","2",""
"DEC (M64)","BASE","[≤1;≤8]","0.50","2",""
"DEC (M8)","BASE","[5;≤11]","0.56","2",""
"DEC (R16)","BASE","1","0.25","1",""
"DEC (R32)","BASE","1","0.25","1",""
"DEC (R64)","BASE","1","0.25","1",""
"DEC (R8h)","BASE","1","0.25","1",""
"DEC (R8l)","BASE","1","0.25","1",""
"DEC_LOCK (M16)","BASE","[5;≤11]","6.20","2",""
"DEC_LOCK (M32)","BASE","[5;≤11]","6.20","2",""
"DEC_LOCK (M64)","BASE","[5;≤11]","6.20","2",""
"DEC_LOCK (M8)","BASE","[5;≤11]","6.20","2",""
"DIV (M16)","BASE","[10.0;15]","4.00","3",""
"DIV (M32)","BASE","[10.0;17]","6.00","3",""
"DIV (M64)","BASE","[10.0;22]","7.00","3",""
"DIV (M8)","BASE","[10;14]","4.00","3",""
"DIV (R16)","BASE","[9.0;12]","4.00","2",""
"DIV (R32)","BASE","[9.0;14]","6.00","2",""
"DIV (R64)","BASE","[9.0;19]","7.00","2",""
"DIV (R8h)","BASE","10","4.00","2",""
"DIV (R8l)","BASE","10","4.00","2",""
"ENTER (I16, I8)","BASE","≤27","22.00","17",""
"ENTER_W (I16, I8)","BASE","≤27","22.00","17",""
"HLT","BASE","","","",""
"IDIV (M16)","BASE","[10.0;15]","4.00","3",""
"IDIV (M32)","BASE","[10.0;17]","6.00","3",""
"IDIV (M64)","BASE","[10.0;22]","7.00","3",""
"IDIV (M8)","BASE","[10;14]","4.00","3",""
"IDIV (R16)","BASE","[9.0;12]","4.00","2",""
"IDIV (R32)","BASE","[9.0;14]","6.00","2",""
"IDIV (R64)","BASE","[9.0;19]","7.00","2",""
"IDIV (R8h)","BASE","10","4.00","2",""
"IDIV (R8l)","BASE","10","4.00","2",""
"IMUL (M16)","BASE","[0;≤12]","2.00","4",""
"IMUL (M32)","BASE","[3;≤11]","1.00","2",""
"IMUL (M64)","BASE","[3;≤11]","1.00","2",""
"IMUL (M8)","BASE","[3;≤10]","1.00","1",""
"IMUL (R16)","BASE","[0;5]","2.00","3",""
"IMUL (R16, M16)","BASE","[3;≤10]","1.00","1",""
"IMUL (R16, M16, 0)","BASE","[4;≤11]","1.00","2",""
"IMUL (R16, M16, I16)","BASE","[4;≤11]","1.00","2",""
"IMUL (R16, M16, I8)","BASE","[4;≤11]","1.00","2",""
"IMUL (R16, R16)","BASE","3","1.00","1",""
"IMUL (R16, R16, 0)","BASE","4","1.00","2",""
"IMUL (R16, R16, I16)","BASE","4","1.00","2",""
"IMUL (R16, R16, I8)","BASE","4","1.00","2",""
"IMUL (R32)","BASE","[3;4]","1.00","2",""
"IMUL (R32, M32)","BASE","[3;≤11]","1.00","1",""
"IMUL (R32, M32, 0)","BASE","[7;≤9]","1.00","1",""
"IMUL (R32, M32, I32)","BASE","[7;≤9]","1.00","1",""
"IMUL (R32, M32, I8)","BASE","[7;≤9]","1.00","1",""
"IMUL (R32, R32)","BASE","3","1.00","1",""
"IMUL (R32, R32, 0)","BASE","3","1.00","1",""
"IMUL (R32, R32, I32)","BASE","3","1.00","1",""
"IMUL (R32, R32, I8)","BASE","3","1.00","1",""
"IMUL (R64)","BASE","[3;4]","1.00","2",""
"IMUL (R64, M64)","BASE","[3;≤11]","1.00","1",""
"IMUL (R64, M64, 0)","BASE","[7;≤9]","1.00","1",""
"IMUL (R64, M64, I32)","BASE","[7;≤9]","1.00","1",""
"IMUL (R64, M64, I8)","BASE","[7;≤9]","1.00","1",""
"IMUL (R64, R64)","BASE","3","1.00","1",""
"IMUL (R64, R64, 0)","BASE","3","1.00","1",""
"IMUL (R64, R64, I32)","BASE","3","1.00","1",""
"IMUL (R64, R64, I8)","BASE","3","1.00","1",""
"IMUL (R8h)","BASE","3","1.00","1",""
"IMUL (R8l)","BASE","3","1.00","1",""
"IN (AL, 0)","BASE","","5706.45","52",""
"IN (AL, DX)","BASE","","12987.42","52",""
"IN (AL, I8)","BASE","","12988.42","52",""
"IN (AX, 0)","BASE","","5715.12","52",""
"IN (AX, DX)","BASE","","14126.47","52",""
"IN (AX, I8)","BASE","","14128.50","52",""
"IN (EAX, 0)","BASE","","5714.88","52",""
"IN (EAX, DX)","BASE","","16256.25","52",""
"IN (EAX, I8)","BASE","","16262.00","52",""
"INC (M16)","BASE","[5;≤11]","0.50","2",""
"INC (M32)","BASE","[≤1;≤8]","0.50","2",""
"INC (M64)","BASE","[≤1;≤8]","0.50","2",""
"INC (M8)","BASE","[5;≤11]","0.56","2",""
"INC (R16)","BASE","1","0.25","1",""
"INC (R32)","BASE","1","0.25","1",""
"INC (R64)","BASE","1","0.25","1",""
"INC (R8h)","BASE","1","0.25","1",""
"INC (R8l)","BASE","1","0.25","1",""
"INC_LOCK (M16)","BASE","[5;≤11]","6.20","2",""
"INC_LOCK (M32)","BASE","[5;≤11]","6.20","2",""
"INC_LOCK (M64)","BASE","[5;≤11]","6.20","2",""
"INC_LOCK (M8)","BASE","[5;≤11]","6.20","2",""
"INSB","BASE","","13124.85","26",""
"INSB_REPE","BASE","","27.92","16",""
"INSB_REPNE","BASE","","27.90","16",""
"INSD","BASE","","16262.25","26",""
"INSD_REPE","BASE","","27.88","16",""
"INSD_REPE_REX64","BASE","","28.00","16",""
"INSD_REPNE","BASE","","27.88","16",""
"INSD_REPNE_REX64","BASE","","27.97","16",""
"INSW","BASE","","14215.15","26",""
"INSW_REPE","BASE","","27.87","16",""
"INSW_REPNE","BASE","","27.93","16",""
"INT (0)","BASE","","","",""
"INT (I8)","BASE","","","",""
"INT3","BASE","","","",""
"INVD","BASE","","","",""
"INVLPG (M8)","BASE","","118.00","26",""
"IRET","BASE","","","",""
"IRETD","BASE","","","",""
"JB (Rel32)","BASE","","0.50","1",""
"JB (Rel8)","BASE","","0.50","1",""
"JBE (Rel32)","BASE","","0.50","1",""
"JBE (Rel8)","BASE","","0.50","1",""
"JL (Rel32)","BASE","","0.50","1",""
"JL (Rel8)","BASE","","0.50","1",""
"JLE (Rel32)","BASE","","0.50","1",""
"JLE (Rel8)","BASE","","0.50","1",""
"JMP (M64)","BASE","","24.35","2",""
"JMP (R64)","BASE","","15.00","1",""
"JMP (Rel32)","BASE","","1.10","1",""
"JMP (Rel8)","BASE","","1.05","1",""
"JMP_FAR (M32)","BASE","","","",""
"JMP_FAR (M48)","BASE","","","",""
"JMP_FAR (M80)","BASE","","","",""
"JNB (Rel32)","BASE","","0.50","1",""
"JNB (Rel8)","BASE","","0.50","1",""
"JNBE (Rel32)","BASE","","0.50","1",""
"JNBE (Rel8)","BASE","","0.50","1",""
"JNL (Rel32)","BASE","","0.50","1",""
"JNL (Rel8)","BASE","","0.50","1",""
"JNLE (Rel32)","BASE","","0.50","1",""
"JNLE (Rel8)","BASE","","0.50","1",""
"JNO (Rel32)","BASE","","0.50","1",""
"JNO (Rel8)","BASE","","0.50","1",""
"JNP (Rel32)","BASE","","0.50","1",""
"JNP (Rel8)","BASE","","0.50","1",""
"JNS (Rel32)","BASE","","0.50","1",""
"JNS (Rel8)","BASE","","0.50","1",""
"JNZ (Rel32)","BASE","","0.50","1",""
"JNZ (Rel8)","BASE","","0.50","1",""
"JO (Rel32)","BASE","","0.50","1",""
"JO (Rel8)","BASE","","0.50","1",""
"JP (Rel32)","BASE","","0.50","1",""
"JP (Rel8)","BASE","","0.50","1",""
"JRCXZ (Rel8)","BASE","","0.50","1",""
"JS (Rel32)","BASE","","0.50","1",""
"JS (Rel8)","BASE","","0.50","1",""
"JZ (Rel32)","BASE","","0.50","1",""
"JZ (Rel8)","BASE","","0.50","1",""
"LAHF","BASE","1","1.00","1",""
"LAR (R16, M16)","BASE","[89;101]","101.38","27",""
"LAR (R16, R16)","BASE","[88;93]","98.22","27",""
"LAR (R32, M16)","BASE","[88;102]","101.25","27",""
"LAR (R32, R32)","BASE","[88;92]","98.25","27",""
"LAR (R64, M16)","BASE","[88;101]","101.14","27",""
"LAR (R64, R64)","BASE","[88;93]","98.25","27",""
"LEA_B (R16)","BASE","1","0.33","2",""
"LEA_B (R32)","BASE","0","0.17","1",""
"LEA_B (R64)","BASE","0","0.17","1",""
"LEA_B_D32 (R16)","BASE","[1;2]","0.50","2",""
"LEA_B_D32 (R32)","BASE","1","0.25","1",""
"LEA_B_D32 (R64)","BASE","1","0.25","1",""
"LEA_B_D8 (R16)","BASE","[1;2]","0.50","2",""
"LEA_B_D8 (R32)","BASE","1","0.25","1",""
"LEA_B_D8 (R64)","BASE","1","0.25","1",""
"LEA_B_I (R16)","BASE","[1;2]","0.50","2",""
"LEA_B_I (R32)","BASE","1","0.25","1",""
"LEA_B_I (R64)","BASE","1","0.25","1",""
"LEA_B_I_D32 (R16)","BASE","[1;3]","2.00","4",""
"LEA_B_I_D32 (R32)","BASE","[1;2]","0.50","2",""
"LEA_B_I_D32 (R64)","BASE","[1;2]","0.50","2",""
"LEA_B_I_D8 (R16)","BASE","[1;3]","2.00","4",""
"LEA_B_I_D8 (R32)","BASE","[1;2]","0.50","2",""
"LEA_B_I_D8 (R64)","BASE","[1;2]","0.50","2",""
"LEA_B_IS (R16)","BASE","[1;2]","0.50","2",""
"LEA_B_IS (R32)","BASE","1","0.25","1",""
"LEA_B_IS (R64)","BASE","1","0.25","1",""
"LEA_B_IS_D32 (R16)","BASE","[1;3]","2.00","4",""
"LEA_B_IS_D32 (R32)","BASE","[1;2]","0.50","2",""
"LEA_B_IS_D32 (R64)","BASE","[1;2]","0.50","2",""
"LEA_B_IS_D8 (R16)","BASE","[1;3]","2.00","4",""
"LEA_B_IS_D8 (R32)","BASE","[1;2]","0.50","2",""
"LEA_B_IS_D8 (R64)","BASE","[1;2]","0.50","2",""
"LEA_D32 (R16)","BASE","1","0.50","2",""
"LEA_D32 (R32)","BASE","","0.25","1",""
"LEA_D32 (R64)","BASE","","0.25","1",""
"LEA_I_D32 (R16)","BASE","[1;2]","0.50","2",""
"LEA_I_D32 (R32)","BASE","1","0.25","1",""
"LEA_I_D32 (R64)","BASE","1","0.25","1",""
"LEA_IS_D32 (R16)","BASE","[1;2]","0.50","2",""
"LEA_IS_D32 (R32)","BASE","1","0.25","1",""
"LEA_IS_D32 (R64)","BASE","1","0.25","1",""
"LEA_R_D32 (R16)","BASE","","0.50","2",""
"LEA_R_D32 (R32)","BASE","","0.25","1",""
"LEA_R_D32 (R64)","BASE","","0.25","1",""
"LEAVE","BASE","[1;4]","0.50","2",""
"LEAVE_W","BASE","[3;5]","2.00","4",""
"LFS (R16, M32)","BASE","","","",""
"LFS (R32, M48)","BASE","","","",""
"LFS (R64, M80)","BASE","","","",""
"LGDT (M80)","BASE","","70.14","28",""
"LGS (R16, M32)","BASE","","","",""
"LGS (R32, M48)","BASE","","","",""
"LGS (R64, M80)","BASE","","","",""
"LIDT (M80)","BASE","","70.00","28",""
"LLDT (M16)","BASE","","205.00","57",""
"LLDT (R16)","BASE","","205.53","57",""
"LMSW (M16)","BASE","","6.00","20",""
"LMSW (R16)","BASE","","6.00","19",""
"LODSB","BASE","[5;≤6]","3.00","4",""
"LODSB_REPE","BASE","","19.00","3",""
"LODSB_REPNE","BASE","","19.00","3",""
"LODSD","BASE","[5;≤7]","3.00","4",""
"LODSD_REPE","BASE","","19.00","3",""
"LODSD_REPNE","BASE","","19.00","3",""
"LODSW","BASE","[5;≤6]","3.00","4",""
"LODSW_REPE","BASE","","19.00","3",""
"LODSW_REPNE","BASE","","19.00","3",""
"LOOP (Rel8)","BASE","1","0.50","1",""
"LOOPE (Rel8)","BASE","1","0.50","1",""
"LOOPNE (Rel8)","BASE","1","0.50","1",""
"LSL (R16, M16)","BASE","[88;101]","59.00","12",""
"LSL (R16, R16)","BASE","[88;92]","97.50","27",""
"LSL (R32, M16)","BASE","[88;100]","59.00","12",""
"LSL (R32, R32)","BASE","[88;92]","97.62","27",""
"LSL (R64, M16)","BASE","[88;100]","59.00","12",""
"LSL (R64, R32)","BASE","[88;92]","97.58","27",""
"LSS (R16, M32)","BASE","","","",""
"LSS (R32, M48)","BASE","","","",""
"LSS (R64, M80)","BASE","","","",""
"LTR (M16)","BASE","","","",""
"LTR (R16)","BASE","","","",""
"MOV (AL, Moffs8)","BASE","≤6","2.00","4",""
"MOV (AX, Moffs16)","BASE","[1;≤6]","2.00","4",""
"MOV (EAX, Moffs32)","BASE","≤7","0.33","2",""
"MOV (M16, I16)","BASE","≤11","0.50","1",""
"MOV (M16, R16)","BASE","[≤6;≤11]","0.50","1",""
"MOV (M16, SEG)","BASE","[≤11;≤12]","1.00","2",""
"MOV (M32, I32)","BASE","[≤3;≤8]","0.56","1",""
"MOV (M32, R32)","BASE","[≤0;≤7]","0.50","1",""
"MOV (M64, I32)","BASE","[≤3;≤8]","0.56","1",""
"MOV (M64, R64)","BASE","[≤0;≤7]","0.50","1",""
"MOV (M8, 0)","BASE","≤11","0.50","1",""
"MOV (M8, I8)","BASE","≤11","0.50","1",""
"MOV (M8, R8h)","BASE","[≤6;≤11]","0.50","1",""
"MOV (M8, R8l)","BASE","[≤6;≤11]","0.50","1",""
"MOV (Moffs16, AX)","BASE","≤6","0.50","2",""
"MOV (Moffs32, EAX)","BASE","≤6","0.50","2",""
"MOV (Moffs64, RAX)","BASE","≤6","0.50","2",""
"MOV (Moffs8, AL)","BASE","≤6","0.50","2",""
"MOV (R, M16)","BASE","","","",""
"MOV (R, R16)","BASE","","","",""
"MOV (R16, I16)","BASE","1","0.25","1",""
"MOV (R16, M16)","BASE","[1;≤6]","0.33","1",""
"MOV (R16, SEG)","BASE","1","1.00","2",""
"MOV (R32, I32)","BASE","","0.25","1",""
"MOV (R32, M32)","BASE","[≤0;4]","0.33","1",""
"MOV (R32, SEG)","BASE","","1.00","1",""
"MOV (R64, I32)","BASE","","0.25","1",""
"MOV (R64, I64)","BASE","","0.33","1",""
"MOV (R64, M64)","BASE","[≤0;4]","0.33","1",""
"MOV (R64, SEG)","BASE","","1.00","1",""
"MOV (R8h, 0)","BASE","1","0.25","1",""
"MOV (R8h, I8)","BASE","1","0.25","1",""
"MOV (R8h, M8)","BASE","[1;≤6]","0.33","1",""
"MOV (R8l, 0)","BASE","1","0.25","1",""
"MOV (R8l, I8)","BASE","1","0.25","1",""
"MOV (R8l, M8)","BASE","[1;≤6]","0.33","1",""
"MOV (RAX, Moffs64)","BASE","≤7","0.33","2",""
"MOV_88 (R8h, R8h)","BASE","1","0.33","1",""
"MOV_88 (R8h, R8l)","BASE","1","0.33","1",""
"MOV_88 (R8l, R8h)","BASE","1","0.33","1",""
"MOV_88 (R8l, R8l)","BASE","1","0.25","1",""
"MOV_89 (R16, R16)","BASE","1","0.25","1",""
"MOV_89 (R32, R32)","BASE","0","0.17","1",""
"MOV_89 (R64, R64)","BASE","0","0.17","1",""
"MOV_8A (R8h, R8h)","BASE","1","0.33","1",""
"MOV_8A (R8h, R8l)","BASE","1","0.33","1",""
"MOV_8A (R8l, R8h)","BASE","1","0.33","1",""
"MOV_8A (R8l, R8l)","BASE","1","0.25","1",""
"MOV_8B (R16, R16)","BASE","1","0.25","1",""
"MOV_8B (R32, R32)","BASE","0","0.17","1",""
"MOV_8B (R64, R64)","BASE","0","0.17","1",""
"MOV_CR (CR, R64)","BASE","","","",""
"MOV_CR (R64, CR)","BASE","","6.00","20",""
"MOV_DR (DR, R64)","BASE","≤96","93.00","54",""
"MOV_DR (R64, DR)","BASE","≤46","41.00","33",""
"MOVSB","BASE","≤5","3.00","5",""
"MOVSB_REPE","BASE","","14.00","48",""
"MOVSB_REPNE","BASE","","14.00","48",""
"MOVSD","BASE","≤5","3.00","5",""
"MOVSD_REPE","BASE","","16.00","59",""
"MOVSD_REPNE","BASE","","16.00","59",""
"MOVSW","BASE","≤5","3.00","5",""
"MOVSW_REPE","BASE","","17.00","63",""
"MOVSW_REPNE","BASE","","17.00","63",""
"MOVSX (R16, M8)","BASE","[1;≤6]","0.33","1",""
"MOVSX (R16, R8h)","BASE","1","0.25","1",""
"MOVSX (R16, R8l)","BASE","1","0.25","1",""
"MOVSX (R32, M16)","BASE","[5;≤7]","0.33","1",""
"MOVSX (R32, M8)","BASE","[5;≤7]","0.33","1",""
"MOVSX (R32, R16)","BASE","1","0.25","1",""
"MOVSX (R32, R8h)","BASE","1","0.25","1",""
"MOVSX (R32, R8l)","BASE","1","0.25","1",""
"MOVSX (R64, M16)","BASE","[5;≤7]","0.33","1",""
"MOVSX (R64, M8)","BASE","[5;≤7]","0.33","1",""
"MOVSX (R64, R16)","BASE","1","0.25","1",""
"MOVSX (R64, R8l)","BASE","1","0.25","1",""
"MOVZX (R16, M8)","BASE","[1;≤6]","0.33","1",""
"MOVZX (R16, R8h)","BASE","1","0.25","1",""
"MOVZX (R16, R8l)","BASE","1","0.25","1",""
"MOVZX (R32, M16)","BASE","[4;≤6]","0.33","1",""
"MOVZX (R32, M8)","BASE","[4;≤6]","0.33","1",""
"MOVZX (R32, R16)","BASE","1","0.25","1",""
"MOVZX (R32, R8h)","BASE","1","0.25","1",""
"MOVZX (R32, R8l)","BASE","1","0.25","1",""
"MOVZX (R64, M16)","BASE","[4;≤6]","0.33","1",""
"MOVZX (R64, M8)","BASE","[4;≤6]","0.33","1",""
"MOVZX (R64, R16)","BASE","1","0.25","1",""
"MOVZX (R64, R8l)","BASE","1","0.25","1",""
"MUL (M16)","BASE","[0;≤12]","2.00","4",""
"MUL (M32)","BASE","[3;≤11]","1.00","2",""
"MUL (M64)","BASE","[3;≤11]","1.00","2",""
"MUL (M8)","BASE","[3;≤10]","1.00","1",""
"MUL (R16)","BASE","[0;5]","2.00","3",""
"MUL (R32)","BASE","[3;4]","1.00","2",""
"MUL (R64)","BASE","[3;4]","1.00","2",""
"MUL (R8h)","BASE","3","1.00","1",""
"MUL (R8l)","BASE","3","1.00","1",""
"NEG (M16)","BASE","[5;≤11]","0.53","2",""
"NEG (M32)","BASE","[≤1;≤8]","0.56","2",""
"NEG (M64)","BASE","[≤1;≤8]","0.56","2",""
"NEG (M8)","BASE","[5;≤11]","0.56","2",""
"NEG (R16)","BASE","1","0.25","1",""
"NEG (R32)","BASE","1","0.25","1",""
"NEG (R64)","BASE","1","0.25","1",""
"NEG (R8h)","BASE","1","0.25","1",""
"NEG (R8l)","BASE","1","0.25","1",""
"NEG_LOCK (M16)","BASE","[5;≤11]","7.38","2",""
"NEG_LOCK (M32)","BASE","[5;≤11]","7.40","2",""
"NEG_LOCK (M64)","BASE","[5;≤11]","7.40","2",""
"NEG_LOCK (M8)","BASE","[5;≤11]","7.40","2",""
"NOP","BASE","","0.09","0",""
"NOP (M16)","BASE","","0.10","0",""
"NOP (M32)","BASE","","0.09","0",""
"NOP (M64)","BASE","","0.09","0",""
"NOP (R16)","BASE","","0.10","0",""
"NOP (R32)","BASE","","0.09","0",""
"NOP (R64)","BASE","","0.09","0",""
"NOT (M16)","BASE","[6;≤12]","0.56","2",""
"NOT (M32)","BASE","[1;≤8]","0.56","2",""
"NOT (M64)","BASE","[1;≤8]","0.56","2",""
"NOT (M8)","BASE","[6;≤11]","0.56","2",""
"NOT (R16)","BASE","1","0.25","1",""
"NOT (R32)","BASE","1","0.25","1",""
"NOT (R64)","BASE","1","0.25","1",""
"NOT (R8h)","BASE","1","0.25","1",""
"NOT (R8l)","BASE","1","0.25","1",""
"NOT_LOCK (M16)","BASE","[6;≤12]","7.38","2",""
"NOT_LOCK (M32)","BASE","[7;≤11]","7.40","2",""
"NOT_LOCK (M64)","BASE","[7;≤11]","7.40","2",""
"NOT_LOCK (M8)","BASE","[6;≤11]","7.40","2",""
"OR (AL, 0)","BASE","1","0.33","1",""
"OR (AL, I8)","BASE","1","0.33","1",""
"OR (AX, I16)","BASE","1","0.33","1",""
"OR (EAX, I32)","BASE","1","0.33","1",""
"OR (M16, 0)","BASE","[5;≤11]","0.52","2",""
"OR (M16, I16)","BASE","[5;≤11]","0.52","2",""
"OR (M16, I8)","BASE","[5;≤11]","0.52","2",""
"OR (M16, R16)","BASE","[1;≤11]","0.56","2",""
"OR (M32, 0)","BASE","[≤1;≤8]","0.56","2",""
"OR (M32, I32)","BASE","[≤1;≤8]","0.56","2",""
"OR (M32, I8)","BASE","[≤1;≤8]","0.56","2",""
"OR (M32, R32)","BASE","[≤1;≤8]","0.56","2",""
"OR (M64, 0)","BASE","[≤1;≤8]","0.56","2",""
"OR (M64, I32)","BASE","[≤1;≤8]","0.56","2",""
"OR (M64, I8)","BASE","[≤1;≤8]","0.56","2",""
"OR (M64, R64)","BASE","[≤1;≤8]","0.56","2",""
"OR (M8, 0)","BASE","[5;≤11]","0.52","2",""
"OR (M8, I8)","BASE","[5;≤11]","0.53","2",""
"OR (M8, R8h)","BASE","[1;≤11]","0.50","2",""
"OR (M8, R8l)","BASE","[1;≤11]","0.56","2",""
"OR (R16, 0)","BASE","1","0.25","1",""
"OR (R16, I16)","BASE","1","0.25","1",""
"OR (R16, I8)","BASE","1","0.25","1",""
"OR (R16, M16)","BASE","[1;≤6]","0.33","1",""
"OR (R32, 0)","BASE","1","0.25","1",""
"OR (R32, I32)","BASE","1","0.25","1",""
"OR (R32, I8)","BASE","1","0.25","1",""
"OR (R32, M32)","BASE","[1;≤7]","0.33","1",""
"OR (R64, 0)","BASE","1","0.25","1",""
"OR (R64, I32)","BASE","1","0.25","1",""
"OR (R64, I8)","BASE","1","0.25","1",""
"OR (R64, M64)","BASE","[1;≤7]","0.33","1",""
"OR (R8h, 0)","BASE","1","0.25","1",""
"OR (R8h, I8)","BASE","1","0.25","1",""
"OR (R8h, M8)","BASE","[1;≤6]","0.33","1",""
"OR (R8l, M8)","BASE","[1;≤6]","0.33","1",""
"OR (RAX, I32)","BASE","1","0.33","1",""
"OR_08 (R8h, R8h)","BASE","1","0.33","1",""
"OR_08 (R8h, R8l)","BASE","1","0.33","1",""
"OR_08 (R8l, R8h)","BASE","1","0.33","1",""
"OR_08 (R8l, R8l)","BASE","1","0.25","1",""
"OR_09 (R16, R16)","BASE","1","0.25","1",""
"OR_09 (R32, R32)","BASE","1","0.25","1",""
"OR_09 (R64, R64)","BASE","1","0.25","1",""
"OR_0A (R8h, R8h)","BASE","1","0.33","1",""
"OR_0A (R8h, R8l)","BASE","1","0.33","1",""
"OR_0A (R8l, R8h)","BASE","1","0.33","1",""
"OR_0A (R8l, R8l)","BASE","1","0.25","1",""
"OR_0B (R16, R16)","BASE","1","0.25","1",""
"OR_0B (R32, R32)","BASE","1","0.25","1",""
"OR_0B (R64, R64)","BASE","1","0.25","1",""
"OR_LOCK (M16, 0)","BASE","[5;≤11]","7.36","2",""
"OR_LOCK (M16, I16)","BASE","[5;≤11]","7.40","2",""
"OR_LOCK (M16, I8)","BASE","[5;≤11]","7.40","2",""
"OR_LOCK (M16, R16)","BASE","[1;≤11]","7.38","2",""
"OR_LOCK (M32, 0)","BASE","[5;≤11]","7.38","2",""
"OR_LOCK (M32, I32)","BASE","[5;≤11]","7.38","2",""
"OR_LOCK (M32, I8)","BASE","[5;≤11]","7.38","2",""
"OR_LOCK (M32, R32)","BASE","[1;≤11]","7.40","2",""
"OR_LOCK (M64, 0)","BASE","[5;≤11]","7.38","2",""
"OR_LOCK (M64, I32)","BASE","[5;≤11]","7.38","2",""
"OR_LOCK (M64, I8)","BASE","[5;≤11]","7.38","2",""
"OR_LOCK (M64, R64)","BASE","[1;≤11]","7.40","2",""
"OR_LOCK (M8, 0)","BASE","[5;≤11]","7.38","2",""
"OR_LOCK (M8, I8)","BASE","[5;≤11]","7.38","2",""
"OR_LOCK (M8, R8h)","BASE","[1;≤11]","7.33","2",""
"OR_LOCK (M8, R8l)","BASE","[1;≤11]","7.40","2",""
"OR_R0 (R8l, 0)","BASE","1","0.25","1",""
"OR_R0 (R8l, I8)","BASE","1","0.25","1",""
"OR_R4 (R8l, 0)","BASE","1","0.25","1",""
"OR_R4 (R8l, I8)","BASE","1","0.25","1",""
"OUT (0, AL)","BASE","","6057.55","51",""
"OUT (0, AX)","BASE","","6057.88","51",""
"OUT (0, EAX)","BASE","","6057.88","51",""
"OUT (DX, AL)","BASE","","13143.57","51",""
"OUT (DX, AX)","BASE","","14233.00","51",""
"OUT (DX, EAX)","BASE","","16359.60","51",""
"OUT (I8, AL)","BASE","","13143.18","51",""
"OUT (I8, AX)","BASE","","14234.33","51",""
"OUT (I8, EAX)","BASE","","16361.47","51",""
"OUTSB","BASE","","13099.70","30",""
"OUTSB_REPE","BASE","","28.42","17",""
"OUTSB_REPNE","BASE","","28.40","17",""
"OUTSD","BASE","","16304.60","30",""
"OUTSD_REPE","BASE","","28.50","17",""
"OUTSD_REPE_REX64","BASE","","28.43","17",""
"OUTSD_REPNE","BASE","","28.50","17",""
"OUTSD_REPNE_REX64","BASE","","28.40","17",""
"OUTSW","BASE","","14206.57","30",""
"OUTSW_REPE","BASE","","28.50","17",""
"OUTSW_REPNE","BASE","","28.37","17",""
"POP (FS)","BASE","","","",""
"POP (GS)","BASE","","","",""
"POP (M16)","BASE","[≤11;≤14]","2.00","4",""
"POP (M64)","BASE","[≤11;≤12]","0.72","2",""
"POP (R16)","BASE","[1;≤6]","2.00","4",""
"POP (R64)","BASE","[≤0;4]","0.33","1",""
"POP_W (FS)","BASE","","","",""
"POP_W (GS)","BASE","","","",""
"POPF","BASE","","13.00","35",""
"PUSH (0)","BASE","≤11","0.56","1",""
"PUSH (FS)","BASE","≤13","1.00","2",""
"PUSH (GS)","BASE","≤13","1.00","2",""
"PUSH (I32)","BASE","≤11","0.56","1",""
"PUSH (I8)","BASE","≤11","0.56","1",""
"PUSH (M16)","BASE","≤13","2.00","3",""
"PUSH (M64)","BASE","≤11","0.71","2",""
"PUSH (R16)","BASE","[≤6;≤12]","1.00","2",""
"PUSH (R64)","BASE","[≤0;≤11]","0.50","1",""
"PUSH_W (0)","BASE","≤12","1.00","2",""
"PUSH_W (FS)","BASE","≤13","2.00","3",""
"PUSH_W (GS)","BASE","≤13","2.00","3",""
"PUSH_W (I16)","BASE","≤12","1.00","2",""
"PUSH_W (I8)","BASE","≤12","1.00","2",""
"PUSHF","BASE","[≤8;≤11]","4.00","11",""
"RCL (M16, 0)","BASE","[8;≤11]","4.00","11",""
"RCL (M16, 1)","BASE","[1;≤11]","0.57","2",""
"RCL (M16, CL)","BASE","[3;≤11]","4.00","11",""
"RCL (M16, I8)","BASE","[3;≤11]","4.00","11",""
"RCL (M32, 0)","BASE","[8;≤11]","4.00","11",""
"RCL (M32, 1)","BASE","[≤1;≤7]","0.50","2",""
"RCL (M32, CL)","BASE","[3;≤11]","4.00","11",""
"RCL (M32, I8)","BASE","[3;≤11]","4.00","11",""
"RCL (M64, 0)","BASE","[8;≤11]","4.00","11",""
"RCL (M64, 1)","BASE","[≤1;≤7]","0.50","2",""
"RCL (M64, CL)","BASE","[3;≤11]","4.00","11",""
"RCL (M64, I8)","BASE","[3;≤11]","4.00","11",""
"RCL (M8, 0)","BASE","[8;≤11]","4.00","11",""
"RCL (M8, 1)","BASE","[1;≤11]","0.57","2",""
"RCL (M8, CL)","BASE","[3;≤11]","4.00","11",""
"RCL (M8, I8)","BASE","[3;≤11]","4.00","11",""
"RCL (R16, 0)","BASE","2","4.00","9",""
"RCL (R16, 1)","BASE","1","0.50","1",""
"RCL (R16, CL)","BASE","[2;3]","4.00","9",""
"RCL (R16, I8)","BASE","2","4.00","9",""
"RCL (R32, 0)","BASE","2","4.00","9",""
"RCL (R32, 1)","BASE","1","0.50","1",""
"RCL (R32, CL)","BASE","[2;3]","4.00","9",""
"RCL (R32, I8)","BASE","2","4.00","9",""
"RCL (R64, 0)","BASE","2","4.00","9",""
"RCL (R64, 1)","BASE","1","0.50","1",""
"RCL (R64, CL)","BASE","[2;3]","4.00","9",""
"RCL (R64, I8)","BASE","2","4.00","9",""
"RCL (R8h, 0)","BASE","2","4.00","9",""
"RCL (R8h, 1)","BASE","1","0.50","1",""
"RCL (R8h, CL)","BASE","[2;3]","4.00","9",""
"RCL (R8h, I8)","BASE","2","4.00","9",""
"RCL (R8l, CL)","BASE","[2;3]","4.00","9",""
"RCL_R0 (R8l, 0)","BASE","2","4.00","9",""
"RCL_R0 (R8l, 1)","BASE","1","0.50","1",""
"RCL_R0 (R8l, I8)","BASE","2","4.00","9",""
"RCL_R4 (R8l, 0)","BASE","2","4.00","9",""
"RCL_R4 (R8l, 1)","BASE","1","0.50","1",""
"RCL_R4 (R8l, I8)","BASE","2","4.00","9",""
"RCR (M16, 0)","BASE","[9;≤11]","4.00","10",""
"RCR (M16, 1)","BASE","[1;≤11]","0.57","2",""
"RCR (M16, CL)","BASE","[2;≤11]","4.00","9",""
"RCR (M16, I8)","BASE","[2;≤11]","4.00","10",""
"RCR (M32, 0)","BASE","[9;≤11]","4.00","10",""
"RCR (M32, 1)","BASE","[≤1;≤7]","0.50","2",""
"RCR (M32, CL)","BASE","[2;≤11]","4.00","9",""
"RCR (M32, I8)","BASE","[2;≤11]","4.00","10",""
"RCR (M64, 0)","BASE","[9;≤11]","4.00","10",""
"RCR (M64, 1)","BASE","[≤1;≤7]","0.50","2",""
"RCR (M64, CL)","BASE","[2;≤11]","4.00","9",""
"RCR (M64, I8)","BASE","[2;≤11]","4.00","10",""
"RCR (M8, 0)","BASE","[9;≤11]","4.00","10",""
"RCR (M8, 1)","BASE","[1;≤11]","0.57","2",""
"RCR (M8, CL)","BASE","[2;≤11]","4.00","9",""
"RCR (M8, I8)","BASE","[2;≤11]","4.00","10",""
"RCR (R16, 0)","BASE","2","3.00","7",""
"RCR (R16, 1)","BASE","1","0.50","1",""
"RCR (R16, CL)","BASE","[2;3]","3.00","7",""
"RCR (R16, I8)","BASE","2","3.00","7",""
"RCR (R32, 0)","BASE","2","3.00","7",""
"RCR (R32, 1)","BASE","1","0.50","1",""
"RCR (R32, CL)","BASE","[2;3]","3.00","7",""
"RCR (R32, I8)","BASE","2","3.00","7",""
"RCR (R64, 0)","BASE","2","3.00","7",""
"RCR (R64, 1)","BASE","1","0.50","1",""
"RCR (R64, CL)","BASE","[2;3]","3.00","7",""
"RCR (R64, I8)","BASE","2","3.00","7",""
"RCR (R8h, 0)","BASE","2","3.00","7",""
"RCR (R8h, 1)","BASE","1","0.50","1",""
"RCR (R8h, CL)","BASE","[2;3]","3.00","7",""
"RCR (R8h, I8)","BASE","2","3.00","7",""
"RCR (R8l, CL)","BASE","[2;3]","3.00","7",""
"RCR_R0 (R8l, 0)","BASE","2","3.00","7",""
"RCR_R0 (R8l, 1)","BASE","1","0.50","1",""
"RCR_R0 (R8l, I8)","BASE","2","3.00","7",""
"RCR_R4 (R8l, 0)","BASE","2","3.00","7",""
"RCR_R4 (R8l, 1)","BASE","1","0.50","1",""
"RCR_R4 (R8l, I8)","BASE","2","3.00","7",""
"RDMSR","BASE","","151.63","114",""
"RDPMC","BASE","","22.00","24",""
"RDTSC","BASE","","35.00","46",""
"RET_FAR","BASE","","","",""
"RET_FAR (I16)","BASE","","","",""
"RET_FAR_Q","BASE","","","",""
"RET_FAR_Q (I16)","BASE","","","",""
"RET_FAR_W","BASE","","","",""
"RET_FAR_W (I16)","BASE","","","",""
"RET_NEAR","BASE","","15.09","3",""
"RET_NEAR (I16)","BASE","","25.95","4",""
"ROL (M16, 0)","BASE","[6;≤11]","0.56","2",""
"ROL (M16, 1)","BASE","[5;≤11]","0.56","2",""
"ROL (M16, CL)","BASE","[≤0;36]","0.56","2",""
"ROL (M16, I8)","BASE","[5;≤11]","0.56","2",""
"ROL (M32, 0)","BASE","[1;≤8]","0.50","2",""
"ROL (M32, 1)","BASE","[≤1;≤8]","0.50","2",""
"ROL (M32, CL)","BASE","[≤0;36]","0.50","2",""
"ROL (M32, I8)","BASE","[≤1;≤8]","0.50","2",""
"ROL (M64, 0)","BASE","[1;≤8]","0.50","2",""
"ROL (M64, 1)","BASE","[≤1;≤8]","0.50","2",""
"ROL (M64, CL)","BASE","[≤0;36]","0.50","2",""
"ROL (M64, I8)","BASE","[≤1;≤8]","0.50","2",""
"ROL (M8, 0)","BASE","[6;≤11]","0.56","2",""
"ROL (M8, 1)","BASE","[5;≤11]","0.56","2",""
"ROL (M8, CL)","BASE","[≤0;36]","0.56","2",""
"ROL (M8, I8)","BASE","[5;≤11]","0.56","2",""
"ROL (R16, 0)","BASE","1","0.50","1",""
"ROL (R16, 1)","BASE","1","0.50","1",""
"ROL (R16, CL)","BASE","[0;32]","0.50","1",""
"ROL (R16, I8)","BASE","1","0.50","1",""
"ROL (R32, 0)","BASE","1","0.50","1",""
"ROL (R32, 1)","BASE","1","0.50","1",""
"ROL (R32, CL)","BASE","[0;32]","0.50","1",""
"ROL (R32, I8)","BASE","1","0.50","1",""
"ROL (R64, 0)","BASE","1","0.50","1",""
"ROL (R64, 1)","BASE","1","0.50","1",""
"ROL (R64, CL)","BASE","[0;32]","0.50","1",""
"ROL (R64, I8)","BASE","1","0.50","1",""
"ROL (R8h, 0)","BASE","1","0.50","1",""
"ROL (R8h, 1)","BASE","1","0.50","1",""
"ROL (R8h, CL)","BASE","[0;32]","0.50","1",""
"ROL (R8h, I8)","BASE","1","0.50","1",""
"ROL (R8l, CL)","BASE","[0;32]","0.50","1",""
"ROL_R0 (R8l, 0)","BASE","1","0.50","1",""
"ROL_R0 (R8l, 1)","BASE","1","0.50","1",""
"ROL_R0 (R8l, I8)","BASE","1","0.50","1",""
"ROL_R4 (R8l, 0)","BASE","1","0.50","1",""
"ROL_R4 (R8l, 1)","BASE","1","0.50","1",""
"ROL_R4 (R8l, I8)","BASE","1","0.50","1",""
"ROR (M16, 0)","BASE","[6;≤11]","0.56","2",""
"ROR (M16, 1)","BASE","[5;≤11]","0.56","2",""
"ROR (M16, CL)","BASE","[≤0;36]","0.57","2",""
"ROR (M16, I8)","BASE","[5;≤11]","0.56","2",""
"ROR (M32, 0)","BASE","[1;≤8]","0.50","2",""
"ROR (M32, 1)","BASE","[≤1;≤8]","0.50","2",""
"ROR (M32, CL)","BASE","[≤0;36]","0.42","2",""
"ROR (M32, I8)","BASE","[≤1;≤8]","0.50","2",""
"ROR (M64, 0)","BASE","[1;≤8]","0.50","2",""
"ROR (M64, 1)","BASE","[≤1;≤8]","0.50","2",""
"ROR (M64, CL)","BASE","[≤0;36]","0.50","2",""
"ROR (M64, I8)","BASE","[≤1;≤8]","0.50","2",""
"ROR (M8, 0)","BASE","[6;≤11]","0.56","2",""
"ROR (M8, 1)","BASE","[5;≤11]","0.56","2",""
"ROR (M8, CL)","BASE","[≤0;36]","0.56","2",""
"ROR (M8, I8)","BASE","[5;≤11]","0.56","2",""
"ROR (R16, 0)","BASE","1","0.50","1",""
"ROR (R16, 1)","BASE","1","0.50","1",""
"ROR (R16, CL)","BASE","[0;32]","0.50","1",""
"ROR (R16, I8)","BASE","1","0.50","1",""
"ROR (R32, 0)","BASE","1","0.50","1",""
"ROR (R32, 1)","BASE","1","0.50","1",""
"ROR (R32, CL)","BASE","[0;32]","0.50","1",""
"ROR (R32, I8)","BASE","1","0.50","1",""
"ROR (R64, 0)","BASE","1","0.50","1",""
"ROR (R64, 1)","BASE","1","0.50","1",""
"ROR (R64, CL)","BASE","[0;32]","0.50","1",""
"ROR (R64, I8)","BASE","1","0.50","1",""
"ROR (R8h, 0)","BASE","1","0.50","1",""
"ROR (R8h, 1)","BASE","1","0.50","1",""
"ROR (R8h, CL)","BASE","[0;32]","0.50","1",""
"ROR (R8h, I8)","BASE","1","0.50","1",""
"ROR (R8l, CL)","BASE","[0;32]","0.50","1",""
"ROR_R0 (R8l, 0)","BASE","1","0.50","1",""
"ROR_R0 (R8l, 1)","BASE","1","0.50","1",""
"ROR_R0 (R8l, I8)","BASE","1","0.50","1",""
"ROR_R4 (R8l, 0)","BASE","1","0.50","1",""
"ROR_R4 (R8l, 1)","BASE","1","0.50","1",""
"ROR_R4 (R8l, I8)","BASE","1","0.50","1",""
"RSM","BASE","","","",""
"SAHF","BASE","1","0.25","1",""
"SAR (M16, 0)","BASE","[6;≤11]","0.57","2",""
"SAR (M16, 1)","BASE","[5;≤11]","0.57","2",""
"SAR (M16, CL)","BASE","[≤0;36]","0.56","2",""
"SAR (M16, I8)","BASE","[5;≤11]","0.57","2",""
"SAR (M32, 0)","BASE","[1;≤8]","0.50","2",""
"SAR (M32, 1)","BASE","[≤1;≤8]","0.50","2",""
"SAR (M32, CL)","BASE","[≤0;36]","0.50","2",""
"SAR (M32, I8)","BASE","[≤1;≤8]","0.50","2",""
"SAR (M64, 0)","BASE","[1;≤8]","0.50","2",""
"SAR (M64, 1)","BASE","[≤1;≤8]","0.50","2",""
"SAR (M64, CL)","BASE","[≤0;36]","0.50","2",""
"SAR (M64, I8)","BASE","[≤1;≤8]","0.50","2",""
"SAR (M8, 0)","BASE","[6;≤11]","0.56","2",""
"SAR (M8, 1)","BASE","[5;≤11]","0.56","2",""
"SAR (M8, CL)","BASE","[≤0;36]","0.56","2",""
"SAR (M8, I8)","BASE","[5;≤11]","0.56","2",""
"SAR (R16, 0)","BASE","1","0.50","1",""
"SAR (R16, 1)","BASE","1","0.50","1",""
"SAR (R16, CL)","BASE","[0;17]","0.50","1",""
"SAR (R16, I8)","BASE","1","0.50","1",""
"SAR (R32, 0)","BASE","1","0.50","1",""
"SAR (R32, 1)","BASE","1","0.50","1",""
"SAR (R32, CL)","BASE","[0;16]","0.50","1",""
"SAR (R32, I8)","BASE","1","0.50","1",""
"SAR (R64, 0)","BASE","1","0.50","1",""
"SAR (R64, 1)","BASE","1","0.50","1",""
"SAR (R64, CL)","BASE","[0;17]","0.50","1",""
"SAR (R64, I8)","BASE","1","0.50","1",""
"SAR (R8h, 0)","BASE","1","0.50","1",""
"SAR (R8h, 1)","BASE","1","0.50","1",""
"SAR (R8h, CL)","BASE","[0;32]","0.50","1",""
"SAR (R8h, I8)","BASE","1","0.50","1",""
"SAR (R8l, CL)","BASE","[0;16]","0.50","1",""
"SAR_R0 (R8l, 0)","BASE","1","0.50","1",""
"SAR_R0 (R8l, 1)","BASE","1","0.50","1",""
"SAR_R0 (R8l, I8)","BASE","1","0.50","1",""
"SAR_R4 (R8l, 0)","BASE","1","0.50","1",""
"SAR_R4 (R8l, 1)","BASE","1","0.50","1",""
"SAR_R4 (R8l, I8)","BASE","1","0.50","1",""
"SBB (AL, 0)","BASE","1","0.33","1",""
"SBB (AL, I8)","BASE","1","0.33","1",""
"SBB (AX, I16)","BASE","1","0.33","1",""
"SBB (EAX, I32)","BASE","1","0.33","1",""
"SBB (M16, 0)","BASE","[1;≤11]","0.60","2",""
"SBB (M16, I16)","BASE","[1;≤11]","0.60","2",""
"SBB (M16, I8)","BASE","[1;≤11]","0.60","2",""
"SBB (M16, R16)","BASE","[1;≤11]","0.60","2",""
"SBB (M32, 0)","BASE","[≤1;≤7]","0.50","2",""
"SBB (M32, I32)","BASE","[≤1;≤7]","0.50","2",""
"SBB (M32, I8)","BASE","[≤1;≤7]","0.50","2",""
"SBB (M32, R32)","BASE","[≤1;≤7]","0.50","2",""
"SBB (M64, 0)","BASE","[≤1;≤7]","0.50","2",""
"SBB (M64, I32)","BASE","[≤1;≤7]","0.50","2",""
"SBB (M64, I8)","BASE","[≤1;≤7]","0.50","2",""
"SBB (M64, R64)","BASE","[≤1;≤7]","0.50","2",""
"SBB (M8, 0)","BASE","[1;≤11]","0.60","2",""
"SBB (M8, I8)","BASE","[1;≤11]","0.60","2",""
"SBB (M8, R8h)","BASE","[1;≤11]","0.60","2",""
"SBB (M8, R8l)","BASE","[1;≤11]","0.60","2",""
"SBB (R16, 0)","BASE","1","0.29","1",""
"SBB (R16, I16)","BASE","1","0.29","1",""
"SBB (R16, I8)","BASE","1","0.29","1",""
"SBB (R16, M16)","BASE","[1;≤6]","0.33","1",""
"SBB (R32, 0)","BASE","1","0.29","1",""
"SBB (R32, I32)","BASE","1","0.29","1",""
"SBB (R32, I8)","BASE","1","0.29","1",""
"SBB (R32, M32)","BASE","[1;≤7]","0.33","1",""
"SBB (R64, 0)","BASE","1","0.29","1",""
"SBB (R64, I32)","BASE","1","0.29","1",""
"SBB (R64, I8)","BASE","1","0.29","1",""
"SBB (R64, M64)","BASE","[1;≤7]","0.33","1",""
"SBB (R8h, 0)","BASE","1","0.50","1",""
"SBB (R8h, I8)","BASE","1","0.50","1",""
"SBB (R8h, M8)","BASE","[1;≤7]","0.50","1",""
"SBB (R8l, M8)","BASE","[1;≤6]","0.33","1",""
"SBB (RAX, I32)","BASE","1","0.33","1",""
"SBB_18 (R8h, R8h)","BASE","1","0.33","1",""
"SBB_18 (R8h, R8l)","BASE","1","0.33","1",""
"SBB_18 (R8l, R8h)","BASE","1","0.33","1",""
"SBB_18 (R8l, R8l)","BASE","1","0.31","1",""
"SBB_19 (R16, R16)","BASE","1","0.31","1",""
"SBB_19 (R32, R32)","BASE","1","0.31","1",""
"SBB_19 (R64, R64)","BASE","1","0.31","1",""
"SBB_1A (R8h, R8h)","BASE","1","0.33","1",""
"SBB_1A (R8h, R8l)","BASE","1","0.33","1",""
"SBB_1A (R8l, R8h)","BASE","1","0.33","1",""
"SBB_1A (R8l, R8l)","BASE","1","0.31","1",""
"SBB_1B (R16, R16)","BASE","1","0.31","1",""
"SBB_1B (R32, R32)","BASE","1","0.31","1",""
"SBB_1B (R64, R64)","BASE","1","0.31","1",""
"SBB_LOCK (M16, 0)","BASE","[1;≤11]","6.20","2",""
"SBB_LOCK (M16, I16)","BASE","[1;≤11]","6.20","2",""
"SBB_LOCK (M16, I8)","BASE","[1;≤11]","6.20","2",""
"SBB_LOCK (M16, R16)","BASE","[1;≤11]","6.20","2",""
"SBB_LOCK (M32, 0)","BASE","[1;≤11]","6.20","2",""
"SBB_LOCK (M32, I32)","BASE","[1;≤11]","6.20","2",""
"SBB_LOCK (M32, I8)","BASE","[1;≤11]","6.20","2",""
"SBB_LOCK (M32, R32)","BASE","[1;≤11]","6.20","2",""
"SBB_LOCK (M64, 0)","BASE","[1;≤11]","6.20","2",""
"SBB_LOCK (M64, I32)","BASE","[1;≤11]","6.20","2",""
"SBB_LOCK (M64, I8)","BASE","[1;≤11]","6.20","2",""
"SBB_LOCK (M64, R64)","BASE","[1;≤11]","6.20","2",""
"SBB_LOCK (M8, 0)","BASE","[1;≤11]","6.20","2",""
"SBB_LOCK (M8, I8)","BASE","[1;≤11]","6.20","2",""
"SBB_LOCK (M8, R8h)","BASE","[1;≤11]","6.17","2",""
"SBB_LOCK (M8, R8l)","BASE","[1;≤11]","6.20","2",""
"SBB_R0 (R8l, 0)","BASE","1","0.32","1",""
"SBB_R0 (R8l, I8)","BASE","1","0.33","1",""
"SBB_R4 (R8l, 0)","BASE","1","0.33","1",""
"SBB_R4 (R8l, I8)","BASE","1","0.33","1",""
"SCASB","BASE","[1;≤6]","3.00","4",""
"SCASB_REPE","BASE","","19.00","3",""
"SCASB_REPNE","BASE","","19.00","3",""
"SCASD","BASE","[1;≤7]","3.00","4",""
"SCASD_REPE","BASE","","19.00","3",""
"SCASD_REPNE","BASE","","19.00","3",""
"SCASW","BASE","[1;≤6]","3.00","4",""
"SCASW_REPE","BASE","","19.00","3",""
"SCASW_REPNE","BASE","","19.00","3",""
"SETB (M8)","BASE","[≤7;≤11]","1.00","2",""
"SETB (R8h)","BASE","1","0.50","1",""
"SETB (R8l)","BASE","1","0.50","1",""
"SETBE (M8)","BASE","[≤7;≤11]","1.00","2",""
"SETBE (R8h)","BASE","1","0.50","1",""
"SETBE (R8l)","BASE","1","0.50","1",""
"SETL (M8)","BASE","[≤7;≤11]","1.00","2",""
"SETL (R8h)","BASE","1","0.50","1",""
"SETL (R8l)","BASE","1","0.50","1",""
"SETLE (M8)","BASE","[≤7;≤11]","1.00","2",""
"SETLE (R8h)","BASE","1","0.50","1",""
"SETLE (R8l)","BASE","1","0.50","1",""
"SETNB (M8)","BASE","[≤7;≤11]","1.00","2",""
"SETNB (R8h)","BASE","1","0.50","1",""
"SETNB (R8l)","BASE","1","0.50","1",""
"SETNBE (M8)","BASE","[≤7;≤11]","1.00","2",""
"SETNBE (R8h)","BASE","1","0.50","1",""
"SETNBE (R8l)","BASE","1","0.50","1",""
"SETNL (M8)","BASE","[≤7;≤11]","1.00","2",""
"SETNL (R8h)","BASE","1","0.50","1",""
"SETNL (R8l)","BASE","1","0.50","1",""
"SETNLE (M8)","BASE","[≤7;≤11]","1.00","2",""
"SETNLE (R8h)","BASE","1","0.50","1",""
"SETNLE (R8l)","BASE","1","0.50","1",""
"SETNO (M8)","BASE","[≤7;≤11]","1.00","2",""
"SETNO (R8h)","BASE","1","0.50","1",""
"SETNO (R8l)","BASE","1","0.50","1",""
"SETNP (M8)","BASE","[≤7;≤11]","1.00","2",""
"SETNP (R8h)","BASE","1","0.50","1",""
"SETNP (R8l)","BASE","1","0.50","1",""
"SETNS (M8)","BASE","[≤7;≤11]","1.00","2",""
"SETNS (R8h)","BASE","1","0.50","1",""
"SETNS (R8l)","BASE","1","0.50","1",""
"SETNZ (M8)","BASE","[≤7;≤11]","1.00","2",""
"SETNZ (R8h)","BASE","1","0.50","1",""
"SETNZ (R8l)","BASE","1","0.50","1",""
"SETO (M8)","BASE","[≤7;≤11]","1.00","2",""
"SETO (R8h)","BASE","1","0.50","1",""
"SETO (R8l)","BASE","1","0.50","1",""
"SETP (M8)","BASE","[≤7;≤11]","1.00","2",""
"SETP (R8h)","BASE","1","0.50","1",""
"SETP (R8l)","BASE","1","0.50","1",""
"SETS (M8)","BASE","[≤7;≤11]","1.00","2",""
"SETS (R8h)","BASE","1","0.50","1",""
"SETS (R8l)","BASE","1","0.50","1",""
"SETZ (M8)","BASE","[≤7;≤11]","1.00","2",""
"SETZ (R8h)","BASE","1","0.50","1",""
"SETZ (R8l)","BASE","1","0.50","1",""
"SGDT (M80)","BASE","[≤25;≤31]","5.00","17",""
"SHL (M16, 0)","BASE","[6;≤11]","0.57","2",""
"SHL (M16, 1)","BASE","[5;≤11]","0.57","2",""
"SHL (M16, CL)","BASE","[≤0;36]","0.56","2",""
"SHL (M16, I8)","BASE","[5;≤11]","0.57","2",""
"SHL (M32, 0)","BASE","[1;≤8]","0.50","2",""
"SHL (M32, 1)","BASE","[≤1;≤8]","0.50","2",""
"SHL (M32, CL)","BASE","[≤0;36]","0.50","2",""
"SHL (M32, I8)","BASE","[≤1;≤8]","0.50","2",""
"SHL (M64, 0)","BASE","[1;≤8]","0.50","2",""
"SHL (M64, 1)","BASE","[≤1;≤8]","0.50","2",""
"SHL (M64, CL)","BASE","[≤0;36]","0.50","2",""
"SHL (M64, I8)","BASE","[≤1;≤8]","0.50","2",""
"SHL (M8, 0)","BASE","[6;≤11]","0.56","2",""
"SHL (M8, 1)","BASE","[5;≤11]","0.56","2",""
"SHL (M8, CL)","BASE","[≤0;36]","0.56","2",""
"SHL (M8, I8)","BASE","[5;≤11]","0.56","2",""
"SHL (R16, 0)","BASE","1","0.50","1",""
"SHL (R16, 1)","BASE","1","0.50","1",""
"SHL (R16, CL)","BASE","[0;16]","0.50","1",""
"SHL (R16, I8)","BASE","1","0.50","1",""
"SHL (R32, 0)","BASE","1","0.50","1",""
"SHL (R32, 1)","BASE","1","0.50","1",""
"SHL (R32, CL)","BASE","[0;16]","0.50","1",""
"SHL (R32, I8)","BASE","1","0.50","1",""
"SHL (R64, 0)","BASE","1","0.50","1",""
"SHL (R64, 1)","BASE","1","0.50","1",""
"SHL (R64, CL)","BASE","[0;16]","0.50","1",""
"SHL (R64, I8)","BASE","1","0.50","1",""
"SHL (R8h, 0)","BASE","1","0.50","1",""
"SHL (R8h, 1)","BASE","1","0.50","1",""
"SHL (R8h, CL)","BASE","[0;32]","0.50","1",""
"SHL (R8h, I8)","BASE","1","0.50","1",""
"SHL (R8l, CL)","BASE","[0;16]","0.50","1",""
"SHL_R0 (R8l, 0)","BASE","1","0.50","1",""
"SHL_R0 (R8l, 1)","BASE","1","0.50","1",""
"SHL_R0 (R8l, I8)","BASE","1","0.50","1",""
"SHL_R4 (R8l, 0)","BASE","1","0.50","1",""
"SHL_R4 (R8l, 1)","BASE","1","0.50","1",""
"SHL_R4 (R8l, I8)","BASE","1","0.50","1",""
"SHLD (M16, R16, 0)","BASE","[≤8;≤12]","2.00","6",""
"SHLD (M16, R16, CL)","BASE","[0;38]","2.00","6",""
"SHLD (M16, R16, I8)","BASE","[0;≤12]","2.00","6",""
"SHLD (M32, R32, 0)","BASE","[≤8;≤11]","2.00","6",""
"SHLD (M32, R32, CL)","BASE","[0;38]","2.00","6",""
"SHLD (M32, R32, I8)","BASE","[0;≤11]","2.00","6",""
"SHLD (M64, R64, 0)","BASE","[≤8;≤11]","2.00","6",""
"SHLD (M64, R64, CL)","BASE","[0;38]","2.00","6",""
"SHLD (M64, R64, I8)","BASE","[0;≤11]","2.00","6",""
"SHLD (R16, R16, 0)","BASE","2","1.50","4",""
"SHLD (R16, R16, CL)","BASE","[0;18]","1.50","5",""
"SHLD (R16, R16, I8)","BASE","[0;2]","1.50","4",""
"SHLD (R32, R32, 0)","BASE","2","1.50","4",""
"SHLD (R32, R32, CL)","BASE","[0;18]","1.50","5",""
"SHLD (R32, R32, I8)","BASE","[0;2]","1.50","4",""
"SHLD (R64, R64, 0)","BASE","2","1.50","4",""
"SHLD (R64, R64, CL)","BASE","[0;18]","1.50","5",""
"SHLD (R64, R64, I8)","BASE","[0;2]","1.50","4",""
"SHR (M16, 0)","BASE","[6;≤11]","0.57","2",""
"SHR (M16, 1)","BASE","[5;≤11]","0.57","2",""
"SHR (M16, CL)","BASE","[≤0;36]","0.56","2",""
"SHR (M16, I8)","BASE","[5;≤11]","0.57","2",""
"SHR (M32, 0)","BASE","[1;≤8]","0.50","2",""
"SHR (M32, 1)","BASE","[≤1;≤8]","0.50","2",""
"SHR (M32, CL)","BASE","[≤0;36]","0.50","2",""
"SHR (M32, I8)","BASE","[≤1;≤8]","0.50","2",""
"SHR (M64, 0)","BASE","[1;≤8]","0.50","2",""
"SHR (M64, 1)","BASE","[≤1;≤8]","0.50","2",""
"SHR (M64, CL)","BASE","[≤0;36]","0.50","2",""
"SHR (M64, I8)","BASE","[≤1;≤8]","0.50","2",""
"SHR (M8, 0)","BASE","[6;≤11]","0.56","2",""
"SHR (M8, 1)","BASE","[5;≤11]","0.56","2",""
"SHR (M8, CL)","BASE","[≤0;36]","0.56","2",""
"SHR (M8, I8)","BASE","[5;≤11]","0.56","2",""
"SHR (R16, 0)","BASE","1","0.50","1",""
"SHR (R16, 1)","BASE","1","0.50","1",""
"SHR (R16, CL)","BASE","[0;17]","0.50","1",""
"SHR (R16, I8)","BASE","1","0.50","1",""
"SHR (R32, 0)","BASE","1","0.50","1",""
"SHR (R32, 1)","BASE","1","0.50","1",""
"SHR (R32, CL)","BASE","[0;16]","0.50","1",""
"SHR (R32, I8)","BASE","1","0.50","1",""
"SHR (R64, 0)","BASE","1","0.50","1",""
"SHR (R64, 1)","BASE","1","0.50","1",""
"SHR (R64, CL)","BASE","[0;16]","0.50","1",""
"SHR (R64, I8)","BASE","1","0.50","1",""
"SHR (R8h, 0)","BASE","1","0.50","1",""
"SHR (R8h, 1)","BASE","1","0.50","1",""
"SHR (R8h, CL)","BASE","[0;32]","0.50","1",""
"SHR (R8h, I8)","BASE","1","0.50","1",""
"SHR (R8l, CL)","BASE","[0;16]","0.50","1",""
"SHR_R0 (R8l, 0)","BASE","1","0.50","1",""
"SHR_R0 (R8l, 1)","BASE","1","0.50","1",""
"SHR_R0 (R8l, I8)","BASE","1","0.50","1",""
"SHR_R4 (R8l, 0)","BASE","1","0.50","1",""
"SHR_R4 (R8l, 1)","BASE","1","0.50","1",""
"SHR_R4 (R8l, I8)","BASE","1","0.50","1",""
"SHRD (M16, R16, 0)","BASE","[≤8;≤12]","2.00","6",""
"SHRD (M16, R16, CL)","BASE","[0;38]","2.00","6",""
"SHRD (M16, R16, I8)","BASE","[0;≤12]","2.00","6",""
"SHRD (M32, R32, 0)","BASE","[≤8;≤11]","2.00","6",""
"SHRD (M32, R32, CL)","BASE","[0;38]","2.00","6",""
"SHRD (M32, R32, I8)","BASE","[0;≤11]","2.00","6",""
"SHRD (M64, R64, 0)","BASE","[≤8;≤11]","2.00","6",""
"SHRD (M64, R64, CL)","BASE","[0;38]","2.00","6",""
"SHRD (M64, R64, I8)","BASE","[0;≤11]","2.00","6",""
"SHRD (R16, R16, 0)","BASE","2","1.50","4",""
"SHRD (R16, R16, CL)","BASE","[0;18]","1.50","5",""
"SHRD (R16, R16, I8)","BASE","[0;2]","1.50","4",""
"SHRD (R32, R32, 0)","BASE","2","1.50","4",""
"SHRD (R32, R32, CL)","BASE","[0;18]","1.50","5",""
"SHRD (R32, R32, I8)","BASE","[0;2]","1.50","4",""
"SHRD (R64, R64, 0)","BASE","2","1.50","4",""
"SHRD (R64, R64, CL)","BASE","[0;18]","1.50","5",""
"SHRD (R64, R64, I8)","BASE","[0;2]","1.50","4",""
"SIDT (M80)","BASE","[≤27;≤31]","5.00","17",""
"SLDT (M16)","BASE","[≤16;≤17]","4.00","13",""
"SLDT (R16)","BASE","1","4.00","12",""
"SLDT (R32)","BASE","","4.00","12",""
"SLDT (R64)","BASE","","4.00","12",""
"SMSW (M16)","BASE","[≤16;≤17]","4.00","13",""
"SMSW (R16)","BASE","1","4.00","12",""
"SMSW (R32)","BASE","","4.00","12",""
"SMSW (R64)","BASE","","4.00","12",""
"STC","BASE","","0.25","1",""
"STD","BASE","","4.00","1",""
"STI","BASE","","47.02","16",""
"STOSB","BASE","[≤0;≤5]","3.00","3",""
"STOSB_REPE","BASE","","10.00","36",""
"STOSB_REPNE","BASE","","10.00","36",""
"STOSD","BASE","[≤0;≤5]","3.00","3",""
"STOSD_REPE","BASE","","15.00","53",""
"STOSD_REPNE","BASE","","15.00","53",""
"STOSW","BASE","[≤0;≤5]","3.00","3",""
"STOSW_REPE","BASE","","15.00","53",""
"STOSW_REPNE","BASE","","15.00","53",""
"STR (M16)","BASE","[≤16;≤17]","4.00","13",""
"STR (R16)","BASE","1","4.00","12",""
"STR (R32)","BASE","","4.00","12",""
"STR (R64)","BASE","","4.00","12",""
"SUB (AL, 0)","BASE","1","0.33","1",""
"SUB (AL, I8)","BASE","1","0.33","1",""
"SUB (AX, I16)","BASE","1","0.33","1",""
"SUB (EAX, I32)","BASE","1","0.33","1",""
"SUB (M16, 0)","BASE","[5;≤11]","0.52","2",""
"SUB (M16, I16)","BASE","[5;≤11]","0.52","2",""
"SUB (M16, I8)","BASE","[5;≤11]","0.52","2",""
"SUB (M16, R16)","BASE","[1;≤11]","0.56","2",""
"SUB (M32, 0)","BASE","[≤1;≤8]","0.56","2",""
"SUB (M32, I32)","BASE","[≤1;≤8]","0.56","2",""
"SUB (M32, I8)","BASE","[≤1;≤8]","0.56","2",""
"SUB (M32, R32)","BASE","[≤1;≤8]","0.56","2",""
"SUB (M64, 0)","BASE","[≤1;≤8]","0.56","2",""
"SUB (M64, I32)","BASE","[≤1;≤8]","0.56","2",""
"SUB (M64, I8)","BASE","[≤1;≤8]","0.56","2",""
"SUB (M64, R64)","BASE","[≤1;≤8]","0.56","2",""
"SUB (M8, 0)","BASE","[5;≤11]","0.54","2",""
"SUB (M8, I8)","BASE","[5;≤11]","0.52","2",""
"SUB (M8, R8h)","BASE","[1;≤11]","0.50","2",""
"SUB (M8, R8l)","BASE","[1;≤11]","0.56","2",""
"SUB (R16, 0)","BASE","1","0.25","1",""
"SUB (R16, I16)","BASE","1","0.25","1",""
"SUB (R16, I8)","BASE","1","0.25","1",""
"SUB (R16, M16)","BASE","[1;≤6]","0.33","1",""
"SUB (R32, 0)","BASE","1","0.25","1",""
"SUB (R32, I32)","BASE","1","0.25","1",""
"SUB (R32, I8)","BASE","1","0.25","1",""
"SUB (R32, M32)","BASE","[1;≤7]","0.33","1",""
"SUB (R64, 0)","BASE","1","0.25","1",""
"SUB (R64, I32)","BASE","1","0.25","1",""
"SUB (R64, I8)","BASE","1","0.25","1",""
"SUB (R64, M64)","BASE","[1;≤7]","0.33","1",""
"SUB (R8h, 0)","BASE","1","0.25","1",""
"SUB (R8h, I8)","BASE","1","0.25","1",""
"SUB (R8h, M8)","BASE","[1;≤6]","0.33","1",""
"SUB (R8l, M8)","BASE","[1;≤6]","0.33","1",""
"SUB (RAX, I32)","BASE","1","0.33","1",""
"SUB_28 (R8h, R8h)","BASE","1","0.33","1",""
"SUB_28 (R8h, R8l)","BASE","1","0.33","1",""
"SUB_28 (R8l, R8h)","BASE","1","0.33","1",""
"SUB_28 (R8l, R8l)","BASE","1","0.25","1",""
"SUB_29 (R16, R16)","BASE","1","0.25","1",""
"SUB_29 (R32, R32)","BASE","[0;1]","0.25","1",""
"SUB_29 (R64, R64)","BASE","[0;1]","0.25","1",""
"SUB_2A (R8h, R8h)","BASE","1","0.33","1",""
"SUB_2A (R8h, R8l)","BASE","1","0.33","1",""
"SUB_2A (R8l, R8h)","BASE","1","0.33","1",""
"SUB_2A (R8l, R8l)","BASE","1","0.25","1",""
"SUB_2B (R16, R16)","BASE","1","0.25","1",""
"SUB_2B (R32, R32)","BASE","[0;1]","0.25","1",""
"SUB_2B (R64, R64)","BASE","[0;1]","0.25","1",""
"SUB_LOCK (M16, 0)","BASE","[5;≤11]","7.36","2",""
"SUB_LOCK (M16, I16)","BASE","[5;≤11]","7.40","2",""
"SUB_LOCK (M16, I8)","BASE","[5;≤11]","7.40","2",""
"SUB_LOCK (M16, R16)","BASE","[1;≤11]","7.38","2",""
"SUB_LOCK (M32, 0)","BASE","[5;≤11]","7.38","2",""
"SUB_LOCK (M32, I32)","BASE","[5;≤11]","7.38","2",""
"SUB_LOCK (M32, I8)","BASE","[5;≤11]","7.38","2",""
"SUB_LOCK (M32, R32)","BASE","[1;≤11]","7.40","2",""
"SUB_LOCK (M64, 0)","BASE","[5;≤11]","7.38","2",""
"SUB_LOCK (M64, I32)","BASE","[5;≤11]","7.38","2",""
"SUB_LOCK (M64, I8)","BASE","[5;≤11]","7.38","2",""
"SUB_LOCK (M64, R64)","BASE","[1;≤11]","7.40","2",""
"SUB_LOCK (M8, 0)","BASE","[5;≤11]","7.38","2",""
"SUB_LOCK (M8, I8)","BASE","[5;≤11]","7.38","2",""
"SUB_LOCK (M8, R8h)","BASE","[1;≤11]","7.33","2",""
"SUB_LOCK (M8, R8l)","BASE","[1;≤11]","7.40","2",""
"SUB_R0 (R8l, 0)","BASE","1","0.25","1",""
"SUB_R0 (R8l, I8)","BASE","1","0.25","1",""
"SUB_R4 (R8l, 0)","BASE","1","0.25","1",""
"SUB_R4 (R8l, I8)","BASE","1","0.25","1",""
"SYSENTER","BASE","","","",""
"SYSEXIT","BASE","","","",""
"TEST (AL, 0)","BASE","1","0.25","1",""
"TEST (AL, I8)","BASE","1","0.25","1",""
"TEST (AX, I16)","BASE","1","0.25","1",""
"TEST (EAX, I32)","BASE","1","0.25","1",""
"TEST (M16, I16)","BASE","[5;≤6]","0.33","1",""
"TEST (M16, R16)","BASE","[1;≤6]","0.33","1",""
"TEST (M32, I32)","BASE","[5;≤7]","0.33","1",""
"TEST (M32, R32)","BASE","[1;≤7]","0.33","1",""
"TEST (M64, I32)","BASE","[5;≤7]","0.33","1",""
"TEST (M64, R64)","BASE","[1;≤7]","0.33","1",""
"TEST (M8, 0)","BASE","[5;≤6]","0.33","1",""
"TEST (M8, I8)","BASE","[5;≤6]","0.33","1",""
"TEST (M8, R8h)","BASE","[1;≤6]","0.33","1",""
"TEST (M8, R8l)","BASE","[1;≤6]","0.33","1",""
"TEST (R16, I16)","BASE","1","0.25","1",""
"TEST (R16, R16)","BASE","1","0.25","1",""
"TEST (R32, I32)","BASE","1","0.25","1",""
"TEST (R32, R32)","BASE","1","0.25","1",""
"TEST (R64, I32)","BASE","1","0.25","1",""
"TEST (R64, R64)","BASE","1","0.25","1",""
"TEST (R8h, 0)","BASE","1","0.25","1",""
"TEST (R8h, I8)","BASE","1","0.25","1",""
"TEST (R8h, R8h)","BASE","1","0.25","1",""
"TEST (R8h, R8l)","BASE","1","0.25","1",""
"TEST (R8l, R8h)","BASE","1","0.25","1",""
"TEST (R8l, R8l)","BASE","1","0.25","1",""
"TEST (RAX, I32)","BASE","1","0.25","1",""
"TEST_R0 (R8l, 0)","BASE","1","0.25","1",""
"TEST_R0 (R8l, I8)","BASE","1","0.25","1",""
"TEST_R4 (R8l, 0)","BASE","1","0.25","1",""
"TEST_R4 (R8l, I8)","BASE","1","0.25","1",""
"UD2","BASE","","","",""
"VERR (M16)","BASE","[103;≤109]","101.27","27",""
"VERR (R16)","BASE","114","99.90","27",""
"VERW (M16)","BASE","[103;≤109]","103.20","27",""
"VERW (R16)","BASE","114","100.00","27",""
"WBINVD","BASE","","3634.53","606",""
"WRMSR","BASE","","207.75","114",""
"XADD (M16, R16)","BASE","[1;≤11]","2.00","4",""
"XADD (M32, R32)","BASE","[1;≤11]","2.00","4",""
"XADD (M64, R64)","BASE","[1;≤11]","2.00","4",""
"XADD (M8, R8h)","BASE","[1;≤11]","2.00","4",""
"XADD (M8, R8l)","BASE","[1;≤11]","2.00","4",""
"XADD (R16, R16)","BASE","1","0.50","2",""
"XADD (R32, R32)","BASE","[0;1]","0.33","2",""
"XADD (R64, R64)","BASE","[0;1]","0.33","2",""
"XADD (R8h, R8h)","BASE","1","0.50","2",""
"XADD (R8h, R8l)","BASE","1","0.50","2",""
"XADD (R8l, R8h)","BASE","1","0.50","2",""
"XADD (R8l, R8l)","BASE","1","0.50","2",""
"XADD_LOCK (M16, R16)","BASE","[1;≤11]","7.80","4",""
"XADD_LOCK (M32, R32)","BASE","[1;≤11]","7.77","4",""
"XADD_LOCK (M64, R64)","BASE","[1;≤11]","7.80","4",""
"XADD_LOCK (M8, R8h)","BASE","[1;≤11]","7.84","4",""
"XADD_LOCK (M8, R8l)","BASE","[1;≤11]","7.75","4",""
"XCHG (M16, R16)","BASE","[0;≤46]","7.67","5",""
"XCHG (M32, R32)","BASE","[0;≤11]","7.50","2",""
"XCHG (M64, R64)","BASE","[0;≤11]","7.50","2",""
"XCHG (M8, R8h)","BASE","[0;≤46]","7.60","5",""
"XCHG (M8, R8l)","BASE","[0;≤46]","7.67","5",""
"XCHG (R16, AX)","BASE","[0;1]","0.50","2",""
"XCHG (R16, R16)","BASE","1","0.50","2",""
"XCHG (R32, EAX)","BASE","0","0.33","2",""
"XCHG (R32, R32)","BASE","0","0.33","2",""
"XCHG (R64, R64)","BASE","0","0.33","2",""
"XCHG (R64, RAX)","BASE","0","0.33","2",""
"XCHG (R8h, R8h)","BASE","1","0.50","2",""
"XCHG (R8h, R8l)","BASE","1","0.50","2",""
"XCHG (R8l, R8h)","BASE","1","0.50","2",""
"XCHG (R8l, R8l)","BASE","1","0.50","2",""
"XLAT","BASE","[5;6]","2.00","3",""
"XOR (AL, 0)","BASE","1","0.33","1",""
"XOR (AL, I8)","BASE","1","0.33","1",""
"XOR (AX, I16)","BASE","1","0.33","1",""
"XOR (EAX, I32)","BASE","1","0.33","1",""
"XOR (M16, 0)","BASE","[5;≤11]","0.52","2",""
"XOR (M16, I16)","BASE","[5;≤11]","0.52","2",""
"XOR (M16, I8)","BASE","[5;≤11]","0.52","2",""
"XOR (M16, R16)","BASE","[1;≤11]","0.53","2",""
"XOR (M32, 0)","BASE","[≤1;≤8]","0.56","2",""
"XOR (M32, I32)","BASE","[≤1;≤8]","0.56","2",""
"XOR (M32, I8)","BASE","[≤1;≤8]","0.56","2",""
"XOR (M32, R32)","BASE","[≤1;≤8]","0.56","2",""
"XOR (M64, 0)","BASE","[≤1;≤8]","0.56","2",""
"XOR (M64, I32)","BASE","[≤1;≤8]","0.56","2",""
"XOR (M64, I8)","BASE","[≤1;≤8]","0.56","2",""
"XOR (M64, R64)","BASE","[≤1;≤8]","0.56","2",""
"XOR (M8, 0)","BASE","[5;≤11]","0.52","2",""
"XOR (M8, I8)","BASE","[5;≤11]","0.52","2",""
"XOR (M8, R8h)","BASE","[1;≤11]","0.50","2",""
"XOR (M8, R8l)","BASE","[1;≤11]","0.56","2",""
"XOR (R16, 0)","BASE","1","0.25","1",""
"XOR (R16, I16)","BASE","1","0.25","1",""
"XOR (R16, I8)","BASE","1","0.25","1",""
"XOR (R16, M16)","BASE","[1;≤6]","0.33","1",""
"XOR (R32, 0)","BASE","1","0.25","1",""
"XOR (R32, I32)","BASE","1","0.25","1",""
"XOR (R32, I8)","BASE","1","0.25","1",""
"XOR (R32, M32)","BASE","[1;≤7]","0.33","1",""
"XOR (R64, 0)","BASE","1","0.25","1",""
"XOR (R64, I32)","BASE","1","0.25","1",""
"XOR (R64, I8)","BASE","1","0.25","1",""
"XOR (R64, M64)","BASE","[1;≤7]","0.33","1",""
"XOR (R8h, 0)","BASE","1","0.25","1",""
"XOR (R8h, I8)","BASE","1","0.25","1",""
"XOR (R8h, M8)","BASE","[1;≤6]","0.33","1",""
"XOR (R8l, M8)","BASE","[1;≤6]","0.33","1",""
"XOR (RAX, I32)","BASE","1","0.33","1",""
"XOR_30 (R8h, R8h)","BASE","1","0.33","1",""
"XOR_30 (R8h, R8l)","BASE","1","0.33","1",""
"XOR_30 (R8l, R8h)","BASE","1","0.33","1",""
"XOR_30 (R8l, R8l)","BASE","1","0.25","1",""
"XOR_31 (R16, R16)","BASE","1","0.25","1",""
"XOR_31 (R32, R32)","BASE","[0;1]","0.25","1",""
"XOR_31 (R64, R64)","BASE","[0;1]","0.25","1",""
"XOR_32 (R8h, R8h)","BASE","1","0.33","1",""
"XOR_32 (R8h, R8l)","BASE","1","0.33","1",""
"XOR_32 (R8l, R8h)","BASE","1","0.33","1",""
"XOR_32 (R8l, R8l)","BASE","1","0.25","1",""
"XOR_33 (R16, R16)","BASE","1","0.25","1",""
"XOR_33 (R32, R32)","BASE","[0;1]","0.25","1",""
"XOR_33 (R64, R64)","BASE","[0;1]","0.25","1",""
"XOR_LOCK (M16, 0)","BASE","[5;≤11]","7.40","2",""
"XOR_LOCK (M16, I16)","BASE","[5;≤11]","7.40","2",""
"XOR_LOCK (M16, I8)","BASE","[5;≤11]","7.40","2",""
"XOR_LOCK (M16, R16)","BASE","[1;≤11]","7.38","2",""
"XOR_LOCK (M32, 0)","BASE","[5;≤11]","7.38","2",""
"XOR_LOCK (M32, I32)","BASE","[5;≤11]","7.38","2",""
"XOR_LOCK (M32, I8)","BASE","[5;≤11]","7.38","2",""
"XOR_LOCK (M32, R32)","BASE","[1;≤11]","7.33","2",""
"XOR_LOCK (M64, 0)","BASE","[5;≤11]","7.38","2",""
"XOR_LOCK (M64, I32)","BASE","[5;≤11]","7.38","2",""
"XOR_LOCK (M64, I8)","BASE","[5;≤11]","7.38","2",""
"XOR_LOCK (M64, R64)","BASE","[1;≤11]","7.40","2",""
"XOR_LOCK (M8, 0)","BASE","[5;≤11]","7.38","2",""
"XOR_LOCK (M8, I8)","BASE","[5;≤11]","7.38","2",""
"XOR_LOCK (M8, R8h)","BASE","[1;≤11]","7.33","2",""
"XOR_LOCK (M8, R8l)","BASE","[1;≤11]","7.40","2",""
"XOR_R0 (R8l, 0)","BASE","1","0.25","1",""
"XOR_R0 (R8l, I8)","BASE","1","0.25","1",""
"XOR_R4 (R8l, 0)","BASE","1","0.25","1",""
"XOR_R4 (R8l, I8)","BASE","1","0.25","1",""